0134278b-17b3-42cc-9afa-0b79536b6e79,p:10,32400 Uc Voucher
e9d62ac6-f2cf-40f6-816d-70f0eb90cc9f,p:100,160$ PSN KSA
4547e20d-3dca-4a7d-bb9d-c4c4f79dda69,p:1000,PUBG G Coins - 1050
084cfb17-0d1a-48ec-aaf6-94387a5c4ae8,p:1001,PUBG G Coins - 2700
70b913d2-cd33-46e2-9fbc-ea8ef8063031,p:1002,PUBG G Coins - 5500
1c9fa002-fae7-40f7-bf22-d6f7b727ee4b,p:1003,PUBG G Coins - 11200
cdbae3ab-1d6c-4823-9e42-743288df7bf7,p:1004,PUBG New State - 1580 NC
32bd9797-97d4-449a-8b05-8535692adb5c,p:1005,PUBG New State - 3850 NC
4c2531c0-3b63-4053-b215-c16242a9e171,p:1006,PUBG New State - 10230 NC
517a9909-fcf4-4525-98c4-8b06b68ca0d3,p:1007,PUBG New State - 16800 NC
12c01cfb-9c11-4f4b-8d3c-b58ec16f6261,p:1008,PUBG New State - 35000 NC
9e854d55-997b-4df3-8b6b-81ef34884d5e,p:1009,5 TRY Razer Gold Turkey
6eebaefc-7f56-4c84-b6c2-05c15462a7f7,p:101,200$ PSN KSA
ed4237f3-c3eb-449f-9e82-4670f5d860bb,p:1010,10 TRY Razer Gold Turkey
0d62042f-12ab-4d8c-83f0-17d03e1b9410,p:1011,15 TRY Razer Gold Turkey
180bbc8e-2361-43ff-bcaf-2967f6448184,p:1012,25 TRY Razer Gold Turkey
7985d344-ae48-489d-b2e0-a7fea26abf42,p:1013,50 TRY Razer Gold Turkey
4ee27474-e66b-4c89-8033-80c07caba8e0,p:1014,100 TRY Razer Gold Turkey
08714a1e-3dc3-4b80-8cec-ca5a6747fb3b,p:1015,250 TRY Razer Gold Turkey
e247114f-97cd-4550-92c8-af772ad1ec44,p:1016,500 TRY Razer Gold Turkey
5c121110-a849-4bfd-8905-54c9e80e9d67,p:1017,1000 TRY Razer Gold Turkey
547bbff3-5654-46ca-ab56-7a55056b7e89,p:1018,1500 TRY Razer Gold Turkey
3d96ce5e-2d6b-466b-960b-68415afe1eaa,p:1019,2000 TRY Razer Gold Turkey
62aa4c61-0b28-4523-a136-e79f91a8989b,p:102,Steam Global 5 USD
0185efda-aafb-4460-9ca9-c1ec732a235b,p:1020,3000 TRY Razer Gold Turkey
d3be7ee0-592e-4c7c-81f6-3c2f4f3ce379,p:1021,3500 TRY Razer Gold Turkey
90b80a9d-2b2a-4f4c-9eb1-fb4993f46590,p:1022,4000 TRY Razer Gold Turkey
d12b1657-afff-4804-963f-ac5ea208516c,p:1023,5000 TRY Razer Gold Turkey
ef808d28-44b3-499a-8a1f-ec536e385cfb,p:1024,Itunes 3$ US Giftcard
d057d4b9-e2cc-48f3-8e07-1785e8419ccb,p:1025,Telegram 50 Stars Redeem Code
9576d727-3f17-4220-b4e9-e2384f5707a3,p:1026,Telegram 75 Stars Redeem Code
2e2473fa-e0aa-4877-8d93-308cbaa9e1b7,p:1027,Telegram 100 Stars Redeem Code
06dc7f1f-abde-4ed0-8f0a-ac6ba2baa35d,p:1028,Telegram 150 Stars Redeem Code
d116d8a8-0d3f-43e8-939e-2db86ae1bee7,p:1029,Telegram 250 Stars Redeem Code
ae64f013-7e81-4c24-ade9-5624119cb016,p:103,Steam Global 10 USD
5762c025-297e-45d0-84b9-2bf3502ae509,p:1030,Telegram 350 Stars Redeem Code
fb72727e-d45f-4231-bddd-710697c08aad,p:1031,Telegram 500 Stars Redeem Code
3fb80bed-654c-4b24-9455-436bad28dca4,p:1032,Telegram 750 Stars Redeem Code
86dc5e69-c276-4a29-913d-5accb3af3dab,p:1033,Telegram 1k Stars Redeem Code
3fb4bc73-c4fa-4390-9149-f04328866189,p:1034,Telegram 3 Month Premium Redeem Code
82da0f4b-0ce3-4256-983b-8508234c1581,p:1035,Telegram 6 Month Premium Redeem Code
8967e205-108b-4ec6-b6c9-e3cbb182f887,p:1036,Telegram 12 Month Premium Redeem Code
08fa95ba-c03e-4412-ae3c-8f9408b8e966,p:1037,Netflix Gift Card - SAR 100 - Saudi Arabia
77846f72-1103-40ef-8edc-5270402e01c7,p:1038,Netflix Gift Card - SAR 150 - Saudi Arabia
4652047f-947e-4382-8399-f6fe6a596a5c,p:1039,Netflix Gift Card - SAR 200 - Saudi Arabia
a3c43fd9-1e33-468f-8da8-c6b9c5920889,p:104,Steam Global 20 USD
cec5cba8-c525-42ef-a8ac-f6aed73d6198,p:1040,Netflix Gift Card - SAR 250 - Saudi Arabia
f5bb27da-f13f-41c3-aa04-7977078ac005,p:1041,Netflix Gift Card - SAR 300 - Saudi Arabia
dffde9a6-53bc-4a2c-9d61-ada28f05d338,p:1042,Netflix Gift Card - AED 100 - UAE
1385c7c3-1201-4e16-913c-a151d36ffb75,p:1043,Netflix Gift Card - AED 150 - UAE
62812b82-1578-4865-a76b-58459ee6f718,p:1044,Netflix Gift Card - AED 200 - UAE
0f331178-c007-47b2-8118-f166ec62e3ac,p:1045,Netflix Gift Card - AED 250 - UAE
21f39a14-d9f7-4f54-8ffb-cdf87ef5991e,p:1046,Netflix Gift Card - AED 300 - UAE
50b1fe86-5c9c-47b8-9ba7-319133701362,p:1047,Yalla Live 2900 Gold
f525a7fe-87b7-46e4-970d-280311cfaecb,p:1048,Yalla Live 5900 Gold
13367eff-286b-4fb7-8427-3948f42ec3f8,p:1049,Yalla Live 12500 Gold
098973cf-d878-4a0a-a2fe-0388b7ccdc3c,p:105,Steam Global 25 USD
6fbc5d46-2d38-4d61-9c97-365b794cb470,p:1050,Merge Kingdoms 1 USD
1b75124d-ed4f-403d-b484-322f4efb2d73,p:1051,Merge Kingdoms 5 USD
22f5e829-1219-435f-9652-2cee11e2201b,p:1052,Merge Kingdoms 30 USD
8f630b4e-6eeb-4c1a-81e7-fb777756e100,p:1053,Merge Kingdoms 50 USD
3f976a3d-1c5d-40a1-8cd9-db2bb5250f4b,p:1054,Merge Kingdoms 100 USD
c4662121-c898-41a2-9f6a-2e50477aa1a9,p:1055,Riot Cash 120 TRY - Valorant 375 VP
61ec51ab-f045-41cc-bdc8-bb5e5d557463,p:1056,Riot Cash 250 TRY - Valorant 825 VP
246abb55-fd50-4e8b-ad1c-313564603e27,p:1057,Riot Cash 500 TRY - Valorant 1700 VP
cd3b3f15-6989-4026-8ff0-b6d0c8101dd7,p:1058,Riot Cash 850 TRY - Valorant 2925 VP
a2d9307e-f3e7-4678-bd88-db3cd5a6a72f,p:1059,Riot Cash 1230 TRY - Valorant 4325 VP
d1b79640-9a4c-4985-a041-8a96a29302ea,p:106,Steam Global 100 USD
5a9a3d27-3ae3-4253-9fec-d58bdb64b08e,p:1060,Riot Cash 2450 TRY - Valorant 8900 VP
776f840d-dfd5-4645-9e31-562cf9c05090,p:1061,VALORANT Gift Card 12.9 MYR
84ddc106-ee23-4ebc-8bdf-265664c06eee,p:1062,VALORANT Gift Card 19.9 MYR
895113b1-2d7e-4c36-baf8-24abb2bcf9b9,p:1063,VALORANT Gift Card 39.9 MYR
67aa21f9-4949-41c4-a59d-9e56d505ce71,p:1064,VALORANT Gift Card 59.9 MYR
b48c7ae3-9cdc-42bf-87eb-dc51fc4cb434,p:1065,VALORANT Gift Card 104.9 MYR
b703772d-e2c1-4638-938e-b26fcc62b5c6,p:1066,VALORANT Gift Card 199.9 MYR
ffbd4b17-1d80-4bf2-93ad-b6fa45a07049,p:1067,Valorant BRL 16 - 400 VP
66349704-55f4-434f-8032-5ca8e178759c,p:1068,Valorant BRL 20 - 505 VP
54cf0556-7bb5-4b0a-95fd-f507f1621f4e,p:1069,Valorant BRL 64 - 1700 VP
17e07f7e-8a19-40ff-bb27-4df876c0d87a,p:107,800 Robux Global
b0f3445b-dd6b-42df-a3bd-f7d51d40933a,p:1070,Valorant BRL 100 - 2720 VP
3eef83ab-0cd8-4b41-af30-f0680a90d52b,p:1071,Valorant AUD 5 - 325 VP
88cc4d8f-91b0-4395-9163-cc9a9dcf76f4,p:1072,Valorant AUD 10 - 675 VP
468750ff-cb92-4a6f-b589-6fe966c6841e,p:1073,Valorant AUD 20 - 1375 VP
dfbd5e79-c688-48ad-8929-ffe6a085779e,p:1074,Valorant AUD 25 - 1750 VP
13a082de-5fef-4af4-aa5e-5486a4730573,p:1075,Valorant AUD 35 - 2450 VP
42c787d3-7dd8-42f6-aca1-0a59816a5414,p:1076,Valorant AUD 50 - 3550 VP
d9e66009-440e-4875-8d79-9a7fae7c2189,p:1077,Valorant AUD 100 - 7350 VP
0e4fde6e-19b7-401c-87f9-2df1b9d2e904,p:1078,Valorant IDR 45,000 - 375 VP
b1ea6843-64ae-4760-b948-78e2f7c5e2a6,p:1079,Valorant IDR 149,000 - 1350 VP
b0b1b376-091f-4f8e-8ca9-87e263b1c139,p:108,2000 Robux Global
2cfacae8-5bd6-49fd-ab92-cd566f28af75,p:1080,Valorant IDR 219,000 - 2100 VP
3a2a73d9-58ca-4fa9-a260-d4ecccefea79,p:1081,Valorant IDR 359,000 - 3600 VP
d57a05e7-6f3c-4ce6-a411-01c280dc4aa5,p:1082,Valorant NZD 11.50 - 675 VP
1c1c98cf-f513-445b-bd57-7b27d13d6be8,p:1083,Valorant NZD 23 - 1375 VP
21a11a2c-d16c-48f2-b380-9ca703c09b9e,p:1084,Valorant NZD 40 - 2450 VP
1a32c831-2b44-47ba-9e47-a7a089417414,p:1085,Valorant NZD 112 - 7350 VP
fd47e45f-1c8d-47bb-9450-108fcf6862b2,p:1086,Valorant PH 249 PHP - 600 VP
967ae39f-fb57-46f8-838f-3a7d5b2347ad,p:1087,Valorant PH 499 PHP - 1260 VP
f16cf960-86f2-459c-83fd-903871c1ef47,p:1088,Valorant PH 749 PHP - 1915 VP
6fcd6c68-ace5-468c-8583-d1a7572f4b6e,p:1089,Valorant PH 1250 PHP - 3250 VP
e2c02253-e611-43d9-a450-e28590bf0ec2,p:109,4500 Robux Global
5732b689-a4c1-4b02-ac60-b695c7d87d4e,p:1090,Valorant PH 2490 PHP - 6710 VP
54f7bddf-feb6-4712-8156-af8bf7f61b4f,p:1091,Valorant SGD 7 - 500 VP
3e2127dd-ed45-46c8-903b-dbb12585bddb,p:1092,Valorant SGD 26 - 1975 VP
fad80302-b1d3-40db-b87e-7ad85768b980,p:1093,Valorant SGD 46 - 3550 VP
9b831d87-1ab5-4b2e-bec3-6f3bb166d42d,p:1094,Valorant MENA 475 VP
e168050e-f3c5-49e0-90e8-53509d8af274,p:1095,Valorant MENA 950 VP + 50 Bonus VP
3b9a5260-427a-4f5b-ac2f-7cf11af5a6d0,p:1096,Valorant MENA 1905 VP + 145 Bonus VP
8c128190-8be6-4804-a882-0e7168a47b6d,p:1097,Valorant MENA 2380 VP + 200 Bonus VP
f8048adc-4bcc-4007-83e6-a69a5b478399,p:1098,Valorant MENA 3330 VP + 320 Bonus VP
1ea3303d-5583-456e-bccd-326ac22b4a7c,p:1099,Valorant MENA 4760 VP + 590 Bonus VP
70a2406a-94ef-481a-ad20-cd8460ac69da,p:11,40500 Uc Voucher
1b2bbf87-eb8f-4697-934c-5268d26ca68f,p:110,10,000 Robux Global
2c1eca84-94dc-468c-b0e9-8ddfac4e7833,p:1100,Valorant MENA 9520 VP + 1480 Bonus VP
e3e97c9d-b40c-486b-9c50-c6555fe41e51,p:1101,Netflix US 15 USD
12c296c1-429c-4195-8d41-78a3ca2bfd3a,p:1102,Netflix US 20 USD
6332a24c-63eb-408d-b3ac-97e6d16b1e4a,p:1103,Netflix US 25 USD
f186061e-26f0-4fc0-93b3-110f53f83685,p:1104,Netflix US 30 USD
e4a52e1a-f93c-4895-998e-61f9cf34e665,p:1105,Netflix US 50 USD
97185ec8-18a3-44d2-8cb5-41bd4d744c62,p:1106,Netflix US 60 USD
44b6bf68-c169-4940-aaf2-533a62fe230d,p:1107,Netflix US 75 USD
5c8c263e-39b9-4f86-ac0a-ec5ce2afe615,p:1108,Netflix US 100 USD
4dc1962b-bf3c-4321-8b8f-676e484ede8a,p:1109,Netflix BR 35 BRL
f5128dec-04dc-4f21-a56e-5ab2e9f2684a,p:111,Steam Wallet Code HKD 40
69c713e5-6798-48da-842d-555e96ebd4d9,p:1110,Netflix BR 50 BRL
af88e3ae-ef1c-4d9d-bd98-7c98b0ff4225,p:1111,Netflix BR 70 BRL
2ee307d2-8b0e-4e10-b328-6a4f8647cb5f,p:1112,Netflix BR 100 BRL
85ccbfe1-0b8b-4320-a99b-62cb4b0b7306,p:1113,Netflix MX 300 MXN
908294cf-bb8d-46d9-b38e-a49ab237cfb2,p:1114,Netflix MX 400 MXN
b63a5798-7bcf-4a61-999a-a2cf85b8c37e,p:1115,Netflix MX 500 MXN
20622d8b-d60e-41d6-8223-d8e155135c81,p:1116,Netflix MX 750 MXN
20e22a61-70a1-4b3e-9ae9-e663190334d3,p:1117,XBOX USA - USD 1
df85109c-5e3c-45de-ba46-f4b8fd4da505,p:1118,XBOX USA - USD 5
2df9be2f-d8d7-4c8a-b3ea-e9f79ee02193,p:1119,GameStop Gift Card $10 (US)
42bfd440-d16c-4370-8a8c-419da43985e1,p:112,Steam Wallet Code HKD 50
789a99b5-31d3-481c-93a0-a496bea8b2aa,p:1120,GameStop Gift Card $25 (US)
31823378-2969-4d1f-b413-b56e577afab2,p:1121,GameStop Gift Card $50 (US)
405cb390-6ecd-4746-a962-6e9815411848,p:1122,GameStop Gift Card $100 (US)
900c6792-825b-43be-8a5d-86484ac188ab,p:1123,Xbox Game Pass Essential 1 Month (USA)
542ec6e9-9ef0-4a7b-bdc6-078b9faebe47,p:1124,Xbox Game Pass Essential 3 Months (USA)
ed5049e3-2eb1-413f-88e9-b17656ca6c29,p:1125,Xbox Game Pass Essential 6 Months (USA)
2ea2071e-5b07-4f04-8dae-c93a50af1c9c,p:1126,Xbox Game Pass Essential 12 Months (USA)
b55e08ee-42e1-471e-b860-0fbb749e108c,p:1127,Xbox Game Pass Ultimate 1 Month (USA)
ba2bbfba-3b81-47ec-a3ad-e9f33601ab60,p:1128,Xbox Game Pass Ultimate 3 Months (USA)
6ebf854a-35f9-435b-84c8-84a5b0ea8ec1,p:1129,Xbox Game Pass Premium 1 Month (USA)
9e731752-09fb-400d-a9db-1fbf4485e4e0,p:113,Steam Wallet Code HKD 80
779aefd9-8116-4534-8d8d-5dae8dbf09f2,p:1130,Xbox Game Pass Premium 3 Months (USA)
4c4f6192-7e75-4abc-8006-adf057f71a90,p:1131,Xbox Game Pass Core 1 Months (India)
fd2287e1-d8fb-4b0c-a592-e1c96181a404,p:1132,Xbox Game Pass Core 3 Months (India)
8a9ffe7c-f3f6-458f-ac6a-6592116c8cc6,p:1133,Xbox Game Pass Core 6 Months (India)
bddbd620-a417-4aea-ae03-b51bf9438d69,p:1134,Xbox Game Pass Core 12 Months (India)
ac710885-9d9c-4882-917a-5909d1c84686,p:1135,Xbox Game Pass Ultimate 1 Month (India)
e0266c9f-378e-4b96-beec-b756ba594578,p:1136,Xbox Game Pass Ultimate 3 Month (India)
e34f956c-c763-49bc-a3b8-7aa237733011,p:1137,Xbox Game Pass Premium 1 Month (India)
6e668d0a-9165-4164-a937-75bf1ce7bb9c,p:1138,Xbox Game Pass Premium 3 Month (India)
589638dd-2401-49f8-b56f-db54e301f4af,p:1139,Xbox PC Game Pass 1 Month (India)
e310bb1a-a687-4eb6-9b07-c5d51a07b3f1,p:114,Steam Wallet Code HKD 100
0144bdf8-2837-4494-95d8-325c6f96c4c6,p:1140,Xbox PC Game Pass 3 Month (India)
852263e3-3fb2-469d-89de-e90492c7e1bf,p:1141,Razer Gold 200$ Global
11cc6d74-7992-457b-b6e4-0aac29183359,p:1142,Razer Gold 300$ Global
a81e8d80-66bd-44d8-97bd-e3e9cbe20162,p:1143,Razer Gold 500$ Global
364f5a33-21a3-4049-9471-7411952ba8e0,p:1148,Steam Global 30 USD
8815fbea-1721-4841-bd20-56b5297725f9,p:1149,Itunes 45$ US Giftcard
2d2f8523-a037-471a-9d30-137c30e6eb36,p:115,Steam Wallet Code HKD 120
3d50ac33-00d5-49f7-824a-ad74699c0cce,p:1150,2000 TRY iTunes Turkey
2bfd58e2-5620-4f35-b32b-bdb2847f1245,p:1151,15$ PSN USA
e05f8538-2472-4cc7-b9ec-3f4b9d6f8ebc,p:1152,20$ PSN USA
9ac447b8-8786-4b43-b46b-d02db33226b7,p:1153,Riot Cash 2.50€
db08bf24-3ea2-4759-9a89-7ae2ca24fcbc,p:1154,1000 Robux Global
c02c0f31-6e37-48ac-8fba-2529530e1c78,p:1155,Steam Global 200 USD
99e55ff2-c449-48e1-9eb6-3525282a3f75,p:1156,50 TRY Google Play Turkey
bf9b3582-dbd1-425d-8da5-72fc3a117054,p:1157,100 TRY Google Play Turkey
b8b4628d-ee3d-42d6-9ce8-eef87f6910f5,p:1158,250 TRY Google Play Turkey
ee2a9fc4-0ff1-4f67-8252-f61e2e9318a8,p:1159,500 TRY Google Play Turkey
d76550a0-73bb-4db5-894e-6033ed92b76b,p:116,Steam Wallet Code HKD 160
137337e1-47f2-4edb-b807-8879c4e19fea,p:1160,1000 TRY Google Play Turkey
9d7e634d-ffc6-4119-b970-3e8097a4ae07,p:1161,1500 TRY Google Play Turkey
f622a770-3477-4101-ad4b-5e3e5eea7015,p:1162,1750 TRY Google Play Turkey
c76a8435-4858-4b4d-8535-a1b81e9f5214,p:1163,2000 TRY Google Play Turkey
b644c748-f7c4-483a-a78f-02f58895aaa0,p:1164,Noon 100 SAR
f3e12da5-21b4-4d3c-a847-73bd10bbab8b,p:1165,Noon 250 SAR
6c8c46c5-2eeb-4291-a267-25803fa311cf,p:1166,Noon 500 SAR
225636a3-df2c-4417-b2d9-2217fc1179e9,p:1167,Noon 100 AED
f6c7d7eb-5893-457c-b7d0-b50d16a47dd9,p:1168,Noon 250 AED
fe14062d-329d-4458-bdb7-71293d91e10b,p:1169,Noon 500 AED
d62934cc-c927-458b-add0-7ce34986451b,p:117,Steam Wallet Code HKD 200
1556cdfa-876e-47ff-875e-bf85ab398ac1,p:1170,100 Robux Global
35846450-6165-4ced-aedc-1c9e02bc113d,p:1171,200 Robux Global
be24495c-b531-45d3-a59d-0fb41a757523,p:1173,1000 INR PSN India
1f63b9d2-6232-4af9-8fc1-9a510175b916,p:1174,2000 INR PSN India
8e12effc-ede1-433d-9c62-42ed0e649b56,p:1175,3000 INR PSN India
0df5d008-c3d5-429b-88a9-cde92cba54e2,p:1176,4000 INR PSN India
a4f81a05-ba66-4d46-9c66-dfda3d0ff3b5,p:1177,5000 INR PSN India
8db51d46-b81a-407a-b540-7733a4b63701,p:1178,Nintendo eShop USD 35
c3db42b1-9c0d-4cf9-bb06-208e23a94496,p:1179,Itunes 6$ US GiftCard
016debdb-6acc-4281-8f7d-936f011b7f3f,p:118,Steam Wallet Code HKD 240
379c493f-fae9-4673-95f7-4a8a4692fb72,p:1180,Itunes 7$ US GiftCard
b2f4249b-0a1c-42c8-a65e-47a6622735ce,p:1181,Itunes 8$ US GiftCard
64412b25-00be-4490-a2ed-c178b26fce8d,p:1182,Itunes 9$ US GiftCard
ac18d0d3-eec5-4d5e-b31b-812a1921c601,p:1183,Valorant Riot 100$
ef026d23-cdcd-41b4-9732-110f79c2f60d,p:1184,Honor of Kings 16 Tokens
9da6063d-ceea-419e-bf83-ce264d73e3df,p:1185,Honor of Kings 80 Tokens
03a09826-ad0d-44ff-b0e9-a1961cb8f859,p:1186,Honor of Kings 240 Tokens
34f5c35d-c5d3-4cb8-9438-e9486525230b,p:1187,Honor of Kings 400 Tokens
3e474b36-6688-43a8-b8a6-95ba589ebc58,p:1188,Honor of Kings 560 Tokens
1025592c-9e72-4c1c-a2f4-5503f8fe2b76,p:1189,Honor of Kings 830 Tokens
b6a1c3e4-cb80-4957-98b1-9e90109e600d,p:119,Steam Wallet Code HKD 300
06dc70ab-0911-46da-90be-ffb061805415,p:1190,Honor of Kings 1245 Tokens
a7795804-570a-44e7-aae4-1cc293284a75,p:1191,Honor of Kings 2508 Tokens
72a79dc2-db3c-44c1-a330-d0f427c8cbe6,p:1192,Honor of Kings 4180 Tokens
50dff4a1-1680-4d09-8a42-a6e48f7534a3,p:1193,Honor of Kings 8360 Tokens
f6517589-a169-45af-b93c-c88ababa2088,p:1194,1500 Robux Global
1141e2b3-d682-49d7-a415-a04efff53dcb,p:1195,2500 Robux Global
bc8bc4c3-a688-48c4-bb48-a48668a9058e,p:1196,3000 Robux Global
be5fd1cc-8d3c-44e3-83bd-f96628dc56d1,p:1197,4000 Robux Global
3e86d4ff-8f77-4460-b764-1b8cd7d28f6d,p:1198,5250 Robux Global
914a643a-2bb6-49ca-ba6b-3903d07ed322,p:1199,11000 Robux Global
69270a50-56a8-496a-a949-631fa6598284,p:12,Itunes 2$ US GiftCard
c0f3c38d-ba8e-40ca-bd11-727020f9418c,p:120,Steam Wallet Code HKD 400
cab95afb-9f9f-46e1-b24c-ac2953a0bc62,p:1200,24000 Robux Global
a3b18490-43a7-4964-966f-1574e0ccca1c,p:1201,50 Robux Global
8d6c3965-dff3-43e1-8a8d-40a4fbe18199,p:1202,20 USD Google Play USA
13191a7d-8362-4740-8377-c5100bb5f903,p:1203,10 USD Google Play USA
cad2b1e9-95d3-42ed-bf8f-d0a117b56533,p:121,Steam Wallet Code HKD 500
8a9469d4-881e-4943-85cf-47ac3d92ae5a,p:122,Steam Wallet Code HKD 600
b61e2e9d-fd7b-479c-8293-2f07e1e216c3,p:123,Steam Wallet Code HKD 1000
75c8a571-de31-41bf-90dc-43b405a73445,p:124,Steam Wallet Code IDR 8000
4185b0e9-9ba0-4496-a50f-ca4d5213ced0,p:125,Steam Wallet Code IDR 6000
d85d6f06-9268-4f99-86b3-46fdf08e8eb6,p:126,Steam Wallet Code IDR 12000
895379f5-d90d-4bba-ba0f-106b524c3638,p:127,Steam Wallet Code IDR 45000
06e80410-3c1d-43de-a252-5ab0d88de88e,p:128,Steam Wallet Code IDR 60000
dd93ff2c-b951-4da2-81d9-8bf0f1cabbe5,p:129,Steam Wallet Code IDR 90000
800f877d-14c2-4122-9e06-bf3e4a193a51,p:13,Itunes 5$ US GiftCard
ed484321-a5c7-4ff7-9dbd-29ddeb90145f,p:130,Steam Wallet Code IDR 120000
9139576a-fc58-4bb2-8a5b-1876e9f8aa14,p:131,Steam Wallet Code IDR 165000
12b13510-3588-45cf-be42-1b479b8c87da,p:132,Steam Wallet Code IDR 250000
0e6b07a3-17dd-4202-b306-3683b9c1885b,p:133,Steam Wallet Code IDR 330000
2c544673-99f2-4ebc-9592-4be3ca584240,p:134,Steam Wallet Code IDR 400000
3bf7bcdf-46c6-4c11-8e6d-fa5a7faf7cfe,p:135,Steam Wallet Code IDR 500000
a51294e8-6e0d-4cb5-b827-175dc72f3e99,p:136,Steam Wallet Code IDR 600000
6bc2b9fa-4721-49f1-8d05-1aca1cd288f7,p:137,Steam Wallet Code IDR 820000
a9319f8e-19f8-4085-af00-2543739282a3,p:138,Steam Wallet Code INR 130
fd01afc9-2a0f-4ffc-bee9-44dad434c7a3,p:139,Steam Wallet Code INR 175
27c98d46-d18b-4b87-8f10-8ecdfb216dcf,p:14,Itunes 10$ US GiftCard
41a5c912-a296-4926-ba8a-06f9f543a99e,p:140,Steam Wallet Code INR 250
1e47c960-ff6c-4fb6-8a73-9cfb0939d51b,p:141,Steam Wallet Code INR 325
1fd6472e-e836-4829-876d-335d01d35187,p:142,Steam Wallet Code INR 430
57e3c087-0c9f-4c7f-b710-0f1bd44ed5e0,p:143,Steam Wallet Code INR 500
9d3da769-691a-4ef5-8398-fd083d577cc5,p:144,Steam Wallet Code INR 650
07cab77b-2ce7-4e7c-9545-7a83da81d056,p:145,Steam Wallet Code INR 860
5560722e-7aea-4ff9-9023-b0d206aefe6a,p:146,Steam Wallet Code INR 975
3e374c60-f012-42dc-b29c-2bd76ca60914,p:147,Steam Wallet Code INR 1000
fa653136-8347-4cff-b621-22a5711a9af0,p:148,Steam Wallet Code INR 1720
ea5d1186-8399-49a1-a682-ea5f0c5823ca,p:149,Steam Wallet Code INR 2500
f3a65428-62c7-4c7e-906b-e943957b6e81,p:15,Itunes 15$ US GiftCard
e0334856-7b7c-45f3-9a7f-8a9676bf4718,p:150,Steam Wallet Code INR 2580
f1a852ae-e5a3-477c-a647-08eec943a20a,p:151,Steam Wallet Code INR 4300
5753264f-6f4f-4836-8c32-21c9727c80ac,p:152,Steam Wallet Code INR 5000
1887ebc6-5746-4b4a-b44b-8a0e98e805b3,p:153,Steam Wallet Code MYR 5
151ad8a2-9d07-4e68-90db-20f27fd51b71,p:154,Steam Wallet Code MYR 8
63752f62-d90a-4193-a7ec-7d85685a1593,p:155,Steam Wallet Code MYR 10
c1480c68-44c2-4ade-8ef8-ccbf8197b750,p:156,Steam Wallet Code MYR 16
f1d00584-14fd-4de7-a8b0-3f36e15e082b,p:157,Steam Wallet Code MYR 20
93b7d1a7-ff46-4c26-9442-a4d329bc58d5,p:158,Steam Wallet Code MYR 22
6d00f080-822c-489a-bf76-ce42025f6d44,p:159,Steam Wallet Code MYR 24
332869b8-f63c-425f-91d6-60e2d8ab4b15,p:16,Itunes 20$ US GiftCard
9fe5925c-7551-4d3d-b32f-bc51d6d2e078,p:160,Steam Wallet Code MYR 45
26e4e8fa-b0b0-4c04-aa98-fffbb0a646e1,p:161,Steam Wallet Code MYR 50
8c79d7d6-2c89-4583-bec0-f4bd2349358f,p:162,Steam Wallet Code MYR 80
a8c07a1a-a928-401e-a459-3307092bd45a,p:163,Steam Wallet Code MYR 90
5251f597-e070-496b-be27-8ce7e10f25ad,p:164,Steam Wallet Code MYR 100
42d1811f-c4d1-4fa1-a4e2-3ea59e8769b1,p:165,Steam Wallet Code MYR 130
85c50fcd-5331-4347-9fe3-1fa059096b19,p:166,Steam Wallet Code MYR 200
19eccc60-07ca-4018-9bef-e84c276dc745,p:167,Steam Wallet Code MYR 220
56b6bf9c-5b08-4302-a4c6-c96c056b6ba4,p:168,Steam Global 50 USD
5b7b428c-d3de-4c77-a991-b718d524fdb2,p:169,$1 PSN USA
08f29083-88bf-4c5c-9ee4-4ab5af813568,p:17,Itunes 25$ US GiftCard
b10e7f99-daeb-43cf-bb22-19d0f7b84c8a,p:170,$2 PSN USA
4b3b9d42-9fa1-4def-a04f-985b46d18d54,p:171,$3 PSN USA
8907aa0f-1013-44b4-9085-7e2b8f7d4d26,p:172,$5 PSN USA
75762852-a311-4435-92fd-3ebb007001ab,p:173,$4 PSN USA
aaef069d-2117-434d-87cd-b25c49ff0852,p:174,Valorant Riot 5$
77492ce7-5d0b-41ff-af58-39ee31ede6a9,p:175,Valorant Riot 10$
f7a55723-9067-4764-9a3d-c48f9b248830,p:176,Valorant Riot 15$
9fb2fcb9-76b6-49eb-9b74-43cb18fa6f65,p:177,Valorant Riot 25$
ed3f0ea6-862f-446a-afb6-23c997ec4de0,p:178,Valorant Riot 50$
85239d13-2959-47e4-865d-2c1e594eee6c,p:179,Valorant Riot 80$
f7ea40c3-3fbf-483a-9ab9-794dda1c1b65,p:18,Itunes 30$ US GiftCard
b55a8400-3459-47b6-8cde-a0a0204a3ef5,p:180,Nintendo Switch Online 3 Month Membership USA
a9a5d2cd-7750-480a-9dcd-ee042470c869,p:181,Nintendo Switch Online 12 Month Membership USA
cb239f17-4055-4082-bcb9-38d228380394,p:182,150$ PSN USA
a50a309a-1428-496f-b53b-1c758af5abd5,p:183,200$ PSN USA
3f062b25-9586-432b-9879-da540d28677d,p:184,250$ PSN USA
928b31eb-d80b-4514-b656-609b7a26fe31,p:185,Roblox KSA 20 SAR
11f07d3b-a390-443c-8e42-5d5b3a4414af,p:186,Roblox KSA 25 SAR
f5e123a7-04cc-4287-b5a4-553091761253,p:187,Roblox KSA 50 SAR
8f218e03-cbbb-4804-b45e-a127fe312956,p:188,Roblox KSA 75 SAR
7d706a37-7408-4198-8fca-c94e761c86fe,p:189,Roblox KSA 100 SAR
6b5e9dcf-ca11-4307-944a-e5fd3621191f,p:19,Itunes 40$ US GiftCard
034c5403-2cae-40ee-83ea-9b742623ff05,p:190,Roblox KSA 150 SAR
16cec4a8-16d4-4431-a9c6-d07d6374d190,p:191,Roblox KSA 200 SAR
d40a93ac-83ae-45de-a3a4-1bcda28f5c40,p:192,Roblox KSA 250 SAR
ae3775b3-72cc-4751-aed5-f2bfc3504370,p:193,Roblox KSA 300 SAR
56ccaf0b-765a-4c4f-b758-a85d536e0109,p:194,Roblox KSA 400 SAR
61c3c88f-7142-48b4-a74d-8f8ed91efec2,p:195,Roblox KSA 500 SAR
b05470b9-e4fa-41fc-9a72-d2945ee59584,p:196,Roblox KSA 1500 SAR
5c848a40-e495-4ccd-95ae-cd539c3ec8aa,p:197,Roblox KSA 2000 SAR
c358718f-b538-42a4-8c29-c5327498cc2e,p:198,20 HKD PSN
82204c59-cb8e-4d88-a131-3936c0cf9513,p:199,50 HKD PSN
54dbbd08-dc13-467f-83ad-5eed5ab6b712,p:2,60 Uc Voucher
f98e1b2e-dd95-434f-8469-a876dfc468b1,p:20,Itunes 50$ US GiftCard
fd37c4e4-2742-4c3c-831a-7fb488d016a6,p:200,80 HKD PSN
189faabd-091e-4d7d-8446-69db51c6bfc3,p:201,150 HKD PSN
09dd8196-980c-41f6-9596-e570c5ad0205,p:202,200 HKD PSN
95711471-8b92-4f5f-a02e-649df7398875,p:203,300 HKD PSN
06c869c4-2f78-446f-adc5-c989dc7581c6,p:204,500 HKD PSN
f0dd538e-db6c-450a-8e38-4ed877c8f78d,p:205,750 HKD PSN
c0304a55-afd4-4c34-8a06-95a43e3d720c,p:207,200 USD PSN Bahrain
22e09f46-f871-4b99-818b-f13594f9a791,p:208,160 USD PSN Bahrain
061c795e-cf0e-42ce-93d8-33edab67bfda,p:209,120 USD PSN Bahrain
772d3747-e0bc-4130-967b-4ef9ea0e39e3,p:21,Itunes 60$ US GiftCard
4497c9c3-3105-4cfe-9b1c-7f56d78b3928,p:210,100 USD PSN Bahrain
66b59f76-33cd-4236-ab97-127b056ee601,p:211,50 USD PSN Bahrain
a6950b5e-84c4-44fd-b9e6-38ba51f75e87,p:212,20 USD PSN Bahrain
2a81e2ad-32a2-4157-965c-0145dc797135,p:213,10 USD PSN Bahrain
9a62c948-0edd-4ca5-bf6c-8a4e936c4ce0,p:214,200 USD PSN Kuwait
4b107038-7ecf-49f5-8c4c-aa283107dd9f,p:215,160 USD PSN Kuwait
0fdaa518-b0d7-41a6-8074-6d70796c13ce,p:216,120 USD PSN Kuwait
6356d709-3757-4a17-9c1d-0a869633137f,p:217,100 USD PSN Kuwait
5b075741-510b-47f0-a812-ef0ab70154d5,p:218,50 USD PSN Kuwait
95db891a-4fb2-4415-9038-2f9320c3e506,p:219,20 USD PSN Kuwait
682a84e1-9010-4d15-bc54-d220b12a0b7e,p:22,Itunes 70$ US GiftCard
8f9de44f-79e6-43a7-96a5-bab53cb0c6f8,p:220,10 USD PSN Kuwait
b8b65595-2dd2-4921-9edd-4daa5c76ee7f,p:221,200 USD PSN Lebanon
19639f1e-a73e-4340-a6a5-b249897c363a,p:222,160 USD PSN Lebanon
61a1c63d-6805-4b40-af81-c06f58765609,p:223,120 USD PSN Lebanon
4e1c574a-b8c5-45c5-b61a-8d3de4b9efb3,p:224,100 USD PSN Lebanon
60f1ef62-a8ea-437c-ac8b-2ab43bfd7a98,p:225,50 USD PSN Lebanon
54673d5c-564d-420c-98b8-e07fad6f0ad8,p:226,20 USD PSN Lebanon
068c64d0-33b8-4ef1-ab7d-6d53565e46f5,p:227,10 USD PSN Lebanon
ab79224e-9e3b-4131-98d4-7c9e79ad0946,p:228,5 USD PSN Oman
79a8dc8d-3da9-4252-b18c-c9d2d8264199,p:229,100 USD PSN Oman
3e274b61-7209-498a-811b-9892d685bde7,p:23,Itunes 100$ US GiftCard
95bff45a-ecd1-4fc5-9a99-47c19f2cc39e,p:230,50 USD PSN Oman
3c2e8283-6e4c-480d-b79d-9529f5ff4feb,p:231,20 USD PSN Oman
38c60957-5e9f-44a6-8ae7-ab9d016ad180,p:232,10 USD PSN Oman
376aa7c0-001d-449d-bc3b-ef64d39bdd87,p:233,200 USD PSN Oman
3d50dd8b-ed98-456d-b99e-1a1aa6fb35b3,p:234,160 USD PSN Oman
6b3cfb34-6d78-4d81-9339-9ee652ca7506,p:235,120 USD PSN Oman
822464f0-f69b-46ef-b15c-fd6aa2953d6f,p:236,200 USD PSN Qatar
9adbc497-4f4f-4125-912d-075adb212528,p:237,160 USD PSN Qatar
85243bb2-153a-4f0a-b1c9-d3ba682138c8,p:238,120 USD PSN Qatar
44265f37-7417-43b8-92cf-947934f5e7a3,p:239,100 USD PSN Qatar
5aa28030-fdd8-497f-9c62-bfdb8a525cb6,p:24,Itunes 150$ US GiftCard
11a4e946-4089-4b78-bc21-53bc0e330f07,p:240,50 USD PSN Qatar
25a8119b-98a8-4706-9d3f-0de9fd0b3157,p:241,20 USD PSN Qatar
4715e61f-f1cd-4463-a195-afe07ddbbf09,p:242,10 USD PSN Qatar
8910e540-1a51-4420-8792-95b709768d1c,p:243,200 USD PSN UAE
0037706d-1872-4c2e-9916-86c89b3e6fd6,p:244,160 USD PSN UAE
6d23becf-bf9e-4c1c-b7ab-8225f8feaaf4,p:245,120 USD PSN UAE
32332acc-8e92-4e8e-b7e1-304304dffbb7,p:246,100 USD PSN UAE
b3a09bc1-ddf5-4b77-81cf-a76b1cc6d194,p:247,50 USD PSN UAE
e82343e6-f9fc-40cf-9965-c19cfcf0c643,p:248,20 USD PSN UAE
3fb8bb73-565c-4427-89ee-affe7cbade9d,p:249,10 USD PSN UAE
c91ab7ca-9afb-4258-af47-3823b4b14621,p:25,Itunes 200$ US GiftCard
cd6ddccb-5af5-4540-810d-2eeb1ff96ce1,p:250,250 EUR PSN France
06086cce-bc84-4d6c-b56d-fc63f8620b71,p:251,200 EUR PSN France
1362eebe-9b0a-4d29-9572-9a235036b8a5,p:252,150 EUR PSN France
ba9ca8f3-5fb8-4f18-b47f-1dade5c94a65,p:253,100 EUR PSN France
bb54823c-7afc-4d0b-b707-b3bfb41c082a,p:254,80 EUR PSN France
7cfe3593-d5c9-4b8b-9baf-fd9609d65786,p:255,60 EUR PSN France
877d0a78-3b6e-4437-92db-f4258a3fe861,p:256,50 EUR PSN France
496dd081-63e7-4f97-aa60-fb072d4da3fa,p:257,20 EUR PSN France
45f2cb7a-c352-418f-9b99-5bc9469381aa,p:258,10 EUR PSN France
c7924aff-fc59-4326-a311-dd4d96d6e682,p:259,100 EUR PSN Germany
de4bd665-0b77-4f27-8a44-a20b2e69a252,p:26,Itunes 250$ US GiftCard
f0af8f3a-3dcb-4d7c-8fbc-a99b946d7b75,p:260,80 EUR PSN Germany
6b7ca505-8fae-4f5f-bd56-3bcf1258dde6,p:261,75 EUR PSN Germany
91c504d7-4382-4deb-a741-75ebc7558054,p:262,60 EUR PSN Germany
c1194650-23cc-44aa-8302-6a8ff7356c6e,p:263,50 EUR PSN Germany
eed54e49-433d-42b7-9ace-ee184ccd4dc9,p:264,35 EUR PSN Germany
a53cc91e-ff59-459d-a707-f0a08e31dd24,p:265,20 EUR PSN Germany
ac8fbb46-2808-4269-ac23-464fe464c943,p:266,15 EUR PSN Germany
5932a9ef-a0be-473a-be00-4c8006407601,p:267,10 EUR PSN Germany
68b84690-4b9d-4c1a-a16e-54c56d29bae1,p:268,5 EUR PSN Germany
6c140b4b-744c-4bc8-8662-705de0df0b97,p:269,250 EUR PSN Italy
a25c24ce-23b1-4477-bf0f-4a5aac0b28a9,p:27,Itunes 300$ US GiftCard
38bbcfae-661c-4bb7-b894-833f38822123,p:270,200 EUR PSN Italy
e08eddef-99cb-4143-8c04-7992efe5a98c,p:271,150 EUR PSN Italy
7fca2681-87d2-4e59-b1f8-9a7cc1e91873,p:272,100 EUR PSN Italy
a53a22ee-c3a2-4fbe-9a64-e1e8cc2d96b6,p:273,80 EUR PSN Italy
bb3b35ff-2b90-4381-83f2-4339f806babc,p:274,60 EUR PSN Italy
aff15e11-0751-4eb1-8a8b-59c59a7cb7b3,p:275,50 EUR PSN Italy
74c85be2-19b0-4573-9ebe-50b8e46c8dfc,p:276,20 EUR PSN Italy
543d805a-730b-4c50-896e-64705db59265,p:277,10 EUR PSN Italy
f1ac638c-65ef-4c69-a30a-9f061aebf018,p:278,250 EUR PSN Spain
089c7062-555c-4902-96cf-ce3569df9ab9,p:279,200 EUR PSN Spain
daa40586-350b-4d18-83cb-74bd795a4b11,p:28,Itunes 400$ US GiftCard
c091e64e-6977-48ef-815d-8d74dd669fba,p:280,150 EUR PSN Spain
61083d6b-a927-4487-bd07-addb3a46a945,p:281,100 EUR PSN Spain
7021582a-d6b0-4238-a9a5-f069695f3a10,p:282,80 EUR PSN Spain
78723992-b944-4ca1-b6e9-6c0452c084b0,p:283,60 EUR PSN Spain
1f134b61-f8f3-468e-9bc3-14732e3ec044,p:284,50 EUR PSN Spain
5140f348-e7d2-4adb-9438-c6dc673ca36b,p:285,20 EUR PSN Spain
f407931d-88cf-458b-ab6c-1e517ef64b08,p:286,10 EUR PSN Spain
6fcb719d-001b-488a-b3b7-4be9b314dbd4,p:287,150 EUR PSN Austria
5d349e87-cddb-44b5-ac29-87fd175be20a,p:288,80 EUR PSN Austria
c19493d5-012e-4423-9ee0-54e39feb1085,p:289,100 EUR PSN Austria
49386dce-0811-4fdb-b9bc-686c7cec4200,p:29,Itunes 500$ US GiftCard
dfc2aa2e-f180-40d9-975d-555d21595bc2,p:290,10 EUR PSN Austria
06626912-9397-482e-b33c-8ebcc619334f,p:291,20 EUR PSN Austria
2f9520e6-f269-4ebe-adff-4ff418732898,p:292,50 EUR PSN Austria
23690665-946a-42f6-af8a-fdd698436894,p:293,10 EUR PSN Belgium
6d186619-4025-4601-8286-0fb18b714b4f,p:294,50 EUR PSN Belgium
55c1dc04-9f9a-4fcb-a6ef-5cdd5790a7ca,p:295,10 EUR PSN Finland
6c15e567-f186-4d74-abfe-9437a80ea583,p:296,20 EUR PSN Greece
af07763a-2d71-4749-9511-24d2b98cbbf6,p:297,25 EUR PSN Greece
2e059fdb-62aa-455e-a788-993d5c268298,p:298,20 EUR PSN Slovakia
ed11e933-5708-47ac-a70a-e3f89e17c955,p:299,50 EUR PSN Slovakia
6fd86a55-453d-4dc5-93fb-67ce9dffb50f,p:3,325 Uc Voucher
bc358a64-e089-4ba0-8dd6-6d6c15cc5cf6,p:30,Razer Gold 1$ Global
e426012d-4f8f-4523-843b-7a4f89eb8652,p:300,200 GBP PSN UK
b4eef6f3-f743-40e8-a3e8-8f59dc8bb016,p:301,150 GBP PSN UK
98025a10-dd0a-4214-993f-42d1ef4761f6,p:302,120 GBP PSN UK
80f27d57-286d-47eb-8001-9aab2d540d57,p:303,25 GBP PSN UK
3798ae60-dff4-4c05-b1ab-a8e4a5e97747,p:304,70 GBP PSN UK
00333394-d500-4769-9320-7cae2e0a1e77,p:305,10 GBP PSN UK
7713c632-5d15-4f26-9d86-ae1db9b36d6b,p:306,20 GBP PSN UK
701a6a31-68f2-4828-8283-d375ffd290ce,p:307,35 GBP PSN UK
8aa1f7ba-df23-4973-960e-d87f9ba9148f,p:308,40 GBP PSN UK
60634aea-4acb-4945-9a9b-ef9899a98ded,p:309,50 GBP PSN UK
b7c000b0-3a15-44e9-86a0-a7bc4483870d,p:31,Razer Gold 2$ Global
75937929-cdc0-4a32-8a75-7a0bf202383f,p:310,100 GBP PSN UK
d3d4d33f-de38-45f6-992e-97a95dd88d32,p:311,5000 TRY PSN Turkey
8be1f7d0-2964-428f-b15e-558d39bfa89d,p:312,4000 TRY PSN Turkey
5eb690d8-3634-41c3-936f-3c4233131740,p:313,3000 TRY PSN Turkey
c45b69af-88d8-449f-b239-d94ca6da8fe0,p:314,2500 TRY PSN Turkey
2bb4628f-320e-4948-a8fe-2a1a9464b579,p:315,2000 TRY PSN Turkey
8ce90d66-79aa-4321-8563-be43adddad82,p:316,1500 TRY PSN Turkey
d3154da7-a0cb-480a-837d-d9e949e3d1a6,p:317,1000 TRY PSN Turkey
061186f0-ae63-4d52-bd78-ac208ca73ea7,p:318,750 TRY PSN Turkey
8e32e1af-90ba-4573-a857-7332f536fc86,p:319,500 TRY PSN Turkey
bd04ba60-53f6-4807-88c2-5f7bdfbdc0d4,p:32,Razer Gold 5$ Global
3b6c8617-f130-4dc6-abd5-5dd306c09755,p:320,250 TRY PSN Turkey
2f3fd56b-984f-4d1a-9178-0ee05d4ce5d3,p:321,15000 JPY PSN Japan
ebb5b78d-d8e8-4a33-a216-aa9b7657bbda,p:322,1100 JPY PSN Japan
1243f1c7-c620-4c24-9565-5b63bc00aec2,p:323,10000 JPY PSN Japan
640cbcdb-207f-4834-a644-cfed85966d4b,p:324,5000 JPY PSN Japan
0558dc8d-c54d-4546-bc8f-9a8f90718fbe,p:325,3000 JPY PSN Japan
afe00481-1e33-4cc0-8c68-1a99537ed8eb,p:326,100 SGD PSN Singapore
05da25aa-6dc2-4d5a-b1c8-612761437675,p:327,80 SGD PSN Singapore
29ef9286-51de-4fd2-8ec5-556779328013,p:328,50 SGD PSN Singapore
14a38983-f7a7-4419-a249-4b2a8775168b,p:329,40 SGD PSN Singapore
f3e50b1d-b1e5-48dc-a8ff-cf5cc899faa9,p:33,Razer Gold 10$ Global
bf535096-ccd1-4da1-9bda-f846131ecb65,p:330,30 SGD PSN Singapore
b1dc310d-208b-4943-9727-e5447306693c,p:331,20 SGD PSN Singapore
61fb80f9-6afb-4aad-b24d-d2d03ab82b92,p:332,15 SGD PSN Singapore
2a28a0b9-6d77-4e8c-b300-94249b25f2da,p:333,2500 THB PSN Thailand
f8009d32-fc5b-41c6-a1e4-5f63b709d802,p:334,2000 THB PSN Thailand
de0912ab-5db9-44d7-b14e-7f33ff12aec9,p:335,1000 THB PSN Thailand
e01830e4-137e-44c9-a219-b65b943cd734,p:336,800 THB PSN Thailand
4b4265ca-c234-401f-946c-5c1fb2c9ca55,p:337,500 THB PSN Thailand
39d695ff-c707-493e-9460-b687db8c8440,p:338,300 THB PSN Thailand
4780d034-9a5c-47f7-86c4-c5f82a9dca08,p:339,1100 PLN PSN Poland
cc51c5a1-a2f2-4b92-a7c8-2f6b61972c0f,p:34,Razer Gold 20$ Global
889b703c-398e-48c3-a401-beb1f8c862eb,p:340,900 PLN PSN Poland
85711a05-df7a-4e30-8642-d47974ed83cb,p:341,650 PLN PSN Poland
6442154c-3fc5-4907-b2af-9b0b6ad81096,p:342,500 PLN PSN Poland
42cb3ecc-0170-4e37-a9b0-cbe0ff29023c,p:343,350 PLN PSN Poland
2b430c2c-66d0-4809-a678-e882b6193ba1,p:344,300 PLN PSN Poland
9f0e5711-2a66-4015-9f43-a5d8ca4698ba,p:345,200 PLN PSN Poland
500c7ebd-181a-4571-bbcf-27f46b2653f2,p:346,100 PLN PSN Poland
7280d26f-7fd9-4422-9f40-9c30d127326d,p:347,50 PLN PSN Poland
160895f5-b0c0-4d2d-8a12-af6dda0cc1ae,p:348,10 CHF PSN Switzerland
63baff75-8ab1-4f56-82e2-ab51aab710b5,p:349,25 CHF PSN Switzerland
c1fa9655-774b-444c-b12f-4ce9ccc983c6,p:35,Razer Gold 50$ Global
3f8de9a7-33b0-42dd-b79b-3749e94c7a75,p:350,50 CHF PSN Switzerland
91e6a5e2-3c93-4e41-9159-cc43bd5644af,p:351,100 CHF PSN Switzerland
cd8957fa-a5aa-4eed-81dc-8965c43a9aed,p:352,200 CZK PSN Czech Republic
49fec249-9964-47ec-b00f-773f9755f522,p:353,500 CZK PSN Czech Republic
ede61d71-45dc-410a-a2d0-f30a9e1d4cb4,p:354,1040 CZK PSN Czech Republic
32a37b62-6975-4a76-9924-5dac7fd96f68,p:355,2500 ZAR PSN South Africa
186147b8-c0df-421c-9f03-964a4ea54384,p:356,3500 ZAR PSN South Africa
11b3b353-fcca-4071-af0c-a9f6ff59dcde,p:357,3000 ZAR PSN South Africa
0fe66524-69a0-49ab-92b3-43741b542085,p:358,1500 ZAR PSN South Africa
30de8d2c-4db7-42be-b0c7-794fad3dc88d,p:359,500 ZAR PSN South Africa
6dd7afad-908d-451e-8610-3ecd41caa981,p:36,Razer Gold 100$ Global
07ab7f3b-b8e2-4cfd-b200-aba659d50b60,p:360,1000 ZAR PSN South Africa
d00b599a-336a-4e13-b31c-90ea8fb8722a,p:361,2000 ZAR PSN South Africa
c7481240-e5aa-45ae-9b01-e4f88801374a,p:362,750 ZAR PSN South Africa
0121f91d-a52f-4abd-894a-c917654258c7,p:363,7000 HUF PSN Hungary
7bd768b6-352e-4e9e-94a8-cfa8e02077b8,p:364,10000 HUF PSN Hungary
70e42954-6665-4db1-8389-15b214b339a5,p:365,20000 HUF PSN Hungary
717de779-4832-42dd-a5e0-1fbf77860743,p:366,30000 HUF PSN Hungary
7de15f65-55f7-4acf-8cbe-1e510853b09f,p:367,100 RON PSN Romania
9efaddb9-0c9d-40b5-b94c-3d61d0c3ac91,p:368,200 RON PSN Romania
f4d87c07-e891-4d83-bec8-f16b3657447f,p:369,275 BRL Steam Brazil
2e2da5e8-afbc-4072-8d0a-e8d541cd388a,p:37,10$ PSN USA
acfdef38-c7a1-4136-8001-82bced79f98d,p:370,165 BRL Steam Brazil
bb755f58-2668-403a-94d5-c0f76e0b085c,p:371,110 BRL Steam Brazil
22778cec-a83c-4acb-8c40-970d895a7b3a,p:372,55 BRL Steam Brazil
ade54299-3bfb-48d6-89b7-8d8e4a521852,p:373,27 BRL Steam Brazil
63d2a16b-05a5-4566-91e3-e9b2721854f7,p:374,50 EUR Steam EU
812fddcb-8395-4ebc-9657-226217fd1778,p:375,35 EUR Steam EU
b6e8482b-bd44-47e2-a1fd-cd92cf50e00b,p:376,30 EUR Steam EU
1cb76179-e08f-44a8-b60c-79ae1ec4a88e,p:377,25 EUR Steam EU
3c27eeb6-8128-4917-951f-81d9c04a08c1,p:378,20 EUR Steam EU
dbc21e80-eba2-4f7e-8ea4-d745a7bcdecc,p:379,10 EUR Steam EU
a5597284-3bea-4ffc-9f15-f6d817ba2b2a,p:38,25$ PSN USA
50e3a9aa-e3d3-44e9-b426-98414c567c96,p:380,5 EUR Steam EU
14087b45-62c0-4da2-ab8d-1ee5e027ff2c,p:381,100 EUR Steam EU
e84dd3ab-f19b-49de-9645-0e239af63023,p:382,5 GBP Steam UK
2d7606e4-0536-4d4d-8821-7555164a80db,p:383,10 GBP Steam UK
cda4f116-6f8b-451e-ac7c-f2ad700aad70,p:384,20 GBP Steam UK
f949518b-78d4-463e-9c5b-51d37ecad1fd,p:385,25 GBP Steam UK
618c0150-5885-427b-aec8-5deab5e2fe04,p:386,70000 KRW Steam South Korea
0d904ccb-912f-4ddf-9c3b-ae501f411d9d,p:387,42000 KRW Steam South Korea
7537eb8e-9599-41d5-ae82-25c050d47977,p:388,28000 KRW Steam South Korea
9cd6e4e8-a279-4807-9bf3-71cd817c389e,p:389,14000 KRW Steam South Korea
2383f3c4-e1dc-4c96-8939-86ed9da73c65,p:39,50$ PSN USA
3a7065a4-a500-44bb-bf61-696e05070e50,p:390,10000 KRW Steam South Korea
56f7eb8b-96f5-483c-9e4b-094634d4bbbc,p:391,7000 KRW Steam South Korea
750fdcd9-5c47-4ef6-b654-abe8468c1b52,p:392,5000 KRW Steam South Korea
f8a86049-02eb-4b0e-9fa1-e2f55d69d0cd,p:393,1000 MXN Steam Mexico
909517d8-d8c6-4261-8305-f742af51163d,p:394,600 MXN Steam Mexico
61a9aa6a-e569-4972-b75b-3f08beeb6091,p:395,400 MXN Steam Mexico
6b89922b-ead4-46fa-8bf9-316751da8de3,p:396,200 MXN Steam Mexico
60c0bf6c-53ac-48d6-b237-12edb30da672,p:397,100 MXN Steam Mexico
2423d57f-d574-4639-9f56-99ec93ac92b0,p:398,2900 PHP Steam Philippines
530c52b0-9365-4749-a65e-37df0695932a,p:399,1750 PHP Steam Philippines
7bb40ca3-cd3a-4a4f-9822-71437ab0cf86,p:4,660 Uc Voucher
8281903d-e2d9-4191-8916-6169e7ad992d,p:40,60$ PSN USA
f6e466a6-2ea9-4880-be90-c001eb00614a,p:400,1150 PHP Steam Philippines
5b7e5317-e172-4f1e-9733-06ca98a2e3d6,p:401,580 PHP Steam Philippines
3c77e32a-19dd-4aca-b6be-0f796505654e,p:402,290 PHP Steam Philippines
6bad028a-fbdd-461b-b427-e57a4df4f227,p:403,250 PHP Steam Philippines
6d9c7f49-d1bf-4006-a8b7-3eded1379e0f,p:404,50 PHP Steam Philippines
8fcb122b-fc91-499c-b521-73de93ecc082,p:405,100 PHP Steam Philippines
49488153-35fa-4da1-a421-da1d8dd67e0a,p:406,500 PHP Steam Philippines
a4bc8568-585a-447c-8c69-54fcaa2f55a3,p:407,800 PHP Steam Philippines
aef2c1c8-fef7-4837-87ec-92ddd72046a4,p:408,1000 PHP Steam Philippines
803a3767-ae56-4668-b19d-4056c58126d2,p:409,2200 PHP Steam Philippines
4290accf-f254-4f2a-853f-b3ea801c31f7,p:41,75$ PSN USA
c105d504-0d82-4782-83c6-b3c833cb4df4,p:410,40 PLN Steam Poland
aac068fb-f80b-42d3-93dd-36b1d67fe15e,p:411,25 PLN Steam Poland
c839bc99-fec2-4551-b484-6cc6b6c013b8,p:412,70 PLN Steam Poland
fadf7091-9dd0-4d03-92de-030abf9f956e,p:413,5 SGD Steam Singapore
752bac5b-953f-4519-928f-64f5b3076e94,p:414,15 SGD Steam Singapore
7c3da110-9c47-4042-a521-f285a1b7c38c,p:415,40 SGD Steam Singapore
8af8ae8f-e5f5-4d69-a1c1-8041d81f318b,p:416,25 SGD Steam Singapore
c30900c7-d1b7-4a7a-a848-65df5f7a3aec,p:418,30 SGD Steam Singapore
16c458c3-792e-43df-9b5a-2b21601a2fd5,p:419,50 SGD Steam Singapore
cea4b5ab-11c5-45dd-ae54-3228dfa08d2c,p:42,100$ PSN USA
db34f347-fd35-43b0-ad87-3eebecac3051,p:420,10 SGD Steam Singapore
125e633c-f8fa-4ffc-801d-bb104c1da3be,p:421,1700 THB Steam Thailand
4e4d89e6-0b15-433f-9a75-65abfd77a5a8,p:422,1000 THB Steam Thailand
abf04bbc-1ab1-4009-9659-13480da93647,p:423,680 THB Steam Thailand
c978d51d-b8e5-4587-b0b1-9c3edd28c51c,p:424,340 THB Steam Thailand
0e59310b-fe34-4460-916b-f284ee99d114,p:425,170 THB Steam Thailand
123e7803-937f-4a83-8b79-b7506e00641f,p:426,50 THB Steam Thailand
535ae80c-9392-4c0e-a102-f58f49ca12d7,p:427,75 THB Steam Thailand
65eb9404-7430-4e2f-85d3-e9d97403b1fd,p:428,350 THB Steam Thailand
612e25ce-c657-4d07-a540-fd50b17b2ae7,p:429,250 THB Steam Thailand
ed7221b4-9253-4e82-adf6-69d9fb5c4a9e,p:43,1 USD Diamond(100+10)
3589b5f6-634f-4db1-ba0e-e8779fe97500,p:430,200 THB Steam Thailand
dfe964c5-12d8-4363-a8d6-2b18f193bde4,p:431,100 THB Steam Thailand
de97afae-ccba-43c6-a814-9e7cb84c361f,p:432,800 TWD Steam Taiwan
898b21fc-d27c-47c0-9f97-8977e87919c9,p:433,1000 TWD Steam Taiwan
19726e69-229b-461c-97d9-77bc112a1a48,p:434,500 TWD Steam Taiwan
318936ec-76f8-4013-b4b6-1a0a9510a9b9,p:435,300 TWD Steam Taiwan
15255d0c-c087-4fda-a370-1cf1024891ad,p:436,200 TWD Steam Taiwan
38b7db5c-0298-4775-9f44-2d50e8250e7b,p:437,150 TWD Steam Taiwan
7866560a-05ec-47ea-bcae-e8c981bfced5,p:438,100 TWD Steam Taiwan
5deffc98-52d3-49b5-b2ab-f4a7b9329d9c,p:439,2310 TWD Steam Taiwan
6a22d688-42dd-44e8-a0a0-cc8a303ad4b5,p:44,2 USD Diamond(210+21)
1a1768d5-f5b3-45d2-ab0e-384929fba1a4,p:440,2000 TWD Steam Taiwan
df57e459-eb63-46e6-8fbd-9429db7fc249,p:441,770 TWD Steam Taiwan
dc729ca9-a106-4791-a4f2-da167041f0d7,p:442,650 TWD Steam Taiwan
d6cac821-0f2a-435a-b038-d963e3e9d1f8,p:443,400 TWD Steam Taiwan
8c786826-b147-4a79-b5a9-48f6d63898c3,p:444,385 TWD Steam Taiwan
7de5d6fe-f67e-440e-a7ef-794de936544f,p:445,350 TWD Steam Taiwan
7312a9d4-c31b-4d82-b5da-3199b016f7be,p:446,230 TWD Steam Taiwan
6a9972c0-d5f8-467d-b971-93b4111c0f69,p:447,115 TWD Steam Taiwan
4dd98692-1ad1-42f2-bcd9-29b97790d05a,p:448,1320500 VND Steam Vietnam
97c0fef4-c160-41e2-b979-585255d9d0c5,p:449,800000 VND Steam Vietnam
4cfd53c1-04b6-46bf-a509-671ea96bfabd,p:45,5 USD Diamond(530+53)
fdf7c793-0d40-43e4-99cb-464d7ec02836,p:450,530000 VND Steam Vietnam
d0d0557a-b090-4f57-a518-40ec6714aadd,p:451,265000 VND Steam Vietnam
17bb4381-11c2-467f-bb93-68112252c001,p:452,132500 VND Steam Vietnam
e8b1367b-2ea9-4728-b64a-116977084a74,p:453,500000 VND Steam Vietnam
878b61c5-5af3-4702-b67c-6471623d04df,p:454,200000 VND Steam Vietnam
1440ba52-0c90-47d4-8eb7-214875cd7798,p:455,150000 VND Steam Vietnam
c3e61d68-6e6d-4ac1-8346-2f011510b647,p:456,120000 VND Steam Vietnam
a19878d5-88ad-4c28-aa74-b603eecb269e,p:457,100000 VND Steam Vietnam
451eebbe-23f3-4761-a832-149db89e5122,p:458,75000 VND Steam Vietnam
fb989a83-7697-4b7b-bbf0-f31a4d3ba8c1,p:459,900 ZAR Steam South Africa
2b2957ef-a5d1-4544-9ae2-4412562b88ce,p:46,10 USD Diamond(1080+108)
6e56ffad-3a6b-4da5-9914-e6c9575c8ff4,p:460,550 ZAR Steam South Africa
fbb085d3-75f8-41c1-9c91-e81b39908f50,p:461,360 ZAR Steam South Africa
c3173d60-8efc-432d-aa9c-34d489ee7381,p:462,180 ZAR Steam South Africa
42a1973b-3771-4dd3-be55-c4821fb8247e,p:463,90 ZAR Steam South Africa
8339736c-be17-4ee0-91fc-cc791a75ea72,p:464,160 ZAR Steam South Africa
07787d72-10ac-4f8b-9400-5277027234c4,p:465,80 ZAR Steam South Africa
1002b401-17e4-424b-853a-51c8cbd0798f,p:466,250 ZAR Steam South Africa
98fb7e0c-8dc6-4527-8dee-0898d62a64fe,p:467,800 ZAR Steam South Africa
c610ea74-6086-441c-875d-a32f0519eb03,p:468,150 ZAR Steam South Africa
3e2ecc3b-6656-4590-985a-98ceb93ede00,p:469,1000 ZAR Steam South Africa
b20d42ea-fc6e-4d10-98e6-0b65d13444f5,p:47,20 USD Diamond(2200+220)
fae3bafb-1dfe-4fef-9699-7553d97139d6,p:470,10 USD Steam Argentina
d3accfef-f43f-42d3-a23e-e966e83a2b5b,p:471,20 USD Steam Argentina
fea17e61-97c9-4503-9b7c-ba41a87800c1,p:472,106.67 USD Steam KSA
ff09d8ed-c2f2-4066-b3f2-4a9cf4628f98,p:473,53.33 USD Steam KSA
55bcd623-87f9-48a9-9795-270fa3b6ae04,p:474,26.67 USD Steam KSA
f9abbcc3-ca71-4e8c-bc7a-b0b8748f19fe,p:475,13.33 USD Steam KSA
98d742b9-2471-485d-8e42-76dec3b62359,p:476,10.67 USD Steam KSA
9be7a347-37cb-4980-8bd3-538c4a96c6ce,p:477,5.33 USD Steam KSA
ec8a7746-b504-4216-96ff-da74f37c3a11,p:478,30 USD Steam Kuwait
1e4e91c0-aaa0-4b0c-b73b-ef9b9f922345,p:479,20 USD Steam Kuwait
7b8a9321-4ca4-40d0-b789-b3bcdd7e4ced,p:48,2$ USD - 830 Diamond
3faee4e8-8fe2-4dfd-a856-affc0f8cf652,p:480,15 USD Steam Kuwait
10868396-5122-4d20-9599-8be0b29e9a3f,p:481,10 USD Steam Kuwait
208ced7c-099c-4186-aa23-554f4fa7f6bf,p:482,5 USD Steam Kuwait
5612d282-c828-416a-bee5-d1cf6b35cdc9,p:483,400 USD Steam Qatar
3c861e5b-45e1-4476-91bc-42e899e5b394,p:484,200 USD Steam Qatar
87c9b262-9112-45c8-94e2-1400c5551ab0,p:485,100 USD Steam Qatar
905c9483-cc5b-439e-ab30-a53aebc40d3c,p:486,50 USD Steam Qatar
261a41e4-a46c-45a4-a548-2cf66f5a8b6e,p:487,20 USD Steam Qatar
dabf0001-13a0-4c15-8027-a1919c64d98f,p:488,400 AED Steam UAE
f7d9c5b4-dc74-49ce-bd51-d1f8497fe16e,p:489,200 AED Steam UAE
f029168c-00b8-4d53-a6ea-015e31f5d3ff,p:49,5$ USD - 2320 Diamond
ecb3f78b-8dc4-4738-a36c-f977d5258ec9,p:490,100 AED Steam UAE
7e429442-1817-4197-8cfe-c33a011cb96f,p:491,75 AED Steam UAE
a543db91-1cea-4c7c-9468-41548fde5f7c,p:492,50 AED Steam UAE
067acdf6-bf5b-48e9-9892-fe543da59a14,p:493,40 AED Steam UAE
8e4a9256-6062-46df-bdf4-9275a49dd2e2,p:494,20 AED Steam UAE
a08dd1ef-c907-4cab-96b0-322db9d4d9ff,p:495,100 AUD Razer Gold Australia
1ab182b8-f2f8-4236-911d-da447e4217ac,p:496,50 AUD Razer Gold Australia
8e028223-7464-45fd-8b01-513d2544c377,p:497,20 AUD Razer Gold Australia
9a27352d-224f-408b-9695-ffa3254da85f,p:498,10 AUD Razer Gold Australia
5e8d43e9-e5ce-4399-b8d1-405a8cf6181d,p:499,200 BRL Razer Gold Brazil
5bf10e71-60c6-48d7-bfc5-3dd19003cae1,p:5,1800 Uc Voucher
1e2ffc25-ea21-4ff8-8bcb-2ded1045c385,p:50,10$ USD - 5150 Diamond
c0f56692-4255-4951-a9ba-a328f53d95c5,p:500,150 BRL Razer Gold Brazil
820fa998-7763-4751-848c-e96c934fc070,p:501,30 BRL Razer Gold Brazil
a331b625-ad3a-4ad1-a2a9-7fded225e4ba,p:502,5 BRL Razer Gold Brazil
166ed402-6222-4149-9d07-7b4e47012824,p:503,10 BRL Razer Gold Brazil
45a1945b-eeda-4557-96b1-b29047aa6b53,p:504,20 BRL Razer Gold Brazil
bd6aa4b5-c318-405a-8b20-c4eedc400a45,p:505,25 BRL Razer Gold Brazil
3207ad02-fbf7-40b7-848a-4a9f87ed3697,p:506,50 BRL Razer Gold Brazil
f9243488-53cb-44cf-924b-c2fd7e790def,p:507,100 BRL Razer Gold Brazil
94734ee9-2306-4652-afa7-ccd37bfd03ce,p:508,50000 IDR Razer Gold Indonesia
adf7a9cc-e2ce-4866-9a49-18e49ffb8d4a,p:509,200000 IDR Razer Gold Indonesia
a03dbfde-6ee7-4e7e-be44-d9735c55c140,p:51,25$ USD - 13580 Diamond
273bcd2c-b065-419b-aa19-12caf285d527,p:510,500000 IDR Razer Gold Indonesia
d7912e36-2ac2-4cc1-a5b2-dfcbc7e008ff,p:511,10000 IDR Razer Gold Indonesia
21166af9-725b-4df6-af44-417396332ffb,p:512,250 INR Razer Gold India
c00d0f82-b9b4-459b-8110-20f7fcd85a27,p:513,500 INR Razer Gold India
1bcc9642-fa05-4298-a5a3-2ac609123802,p:514,2000 INR Razer Gold India
49e10c40-f459-46db-9640-e6e6d880bb0c,p:515,100 INR Razer Gold India
370db157-0948-4a42-bde9-cbbcfc70994f,p:516,50 INR Razer Gold India
87c742d6-3c37-46da-a300-331bb9aec95c,p:517,150 MXN Razer Gold Mexico
57e9eb2b-2510-42d5-9c4a-70a581cf4dc2,p:518,20 MYR Razer Gold Malaysia
7f972d7e-74b0-4d3e-a319-80415ee08fbc,p:519,50 MYR Razer Gold Malaysia
1be6ad61-dbd6-42ea-9565-58154324e191,p:52,50$ USD - 27640 Diamond
770398e6-8607-4013-8ce9-a8f2eae8b09f,p:520,10 MYR Razer Gold Malaysia
4db3377b-7a64-46d5-8cc8-0dfcd65fb2fa,p:521,5 MYR Razer Gold Malaysia
15c5de3b-b92e-4032-ae86-aeda656b7ed5,p:522,30 MYR Razer Gold Malaysia
49aa4dd0-19ae-4c2e-bcc4-1108661a6e25,p:523,5000 PHP Razer Gold Philippines
0af76c9d-1f7a-4f30-9011-a8c0f1312e56,p:524,300 SGD Razer Gold Singapore
bf9c9c0b-88fa-4e5e-9acd-8f87c07a58d4,p:525,150 SGD Razer Gold Singapore
db6f4579-8f79-484d-b1b0-a824f361c7d3,p:526,1000 THB Razer Gold Thailand
6ce20a10-1566-48e9-9060-abcba865bad7,p:527,500 THB Razer Gold Thailand
bc632aae-5602-48bf-bac6-bbb6e533f648,p:528,100 THB Razer Gold Thailand
b47d0cd4-236d-4943-983c-751c9410df23,p:529,50 THB Razer Gold Thailand
66547ff8-6541-4560-b637-ab50a54305af,p:53,100$ USD - 55800 Diamond
00693777-05d0-43d6-b717-fca11d95734d,p:530,1599000 IDR Google Play Indonesia
c8a37853-75d7-4193-a4a0-54a3632e9c71,p:531,1299000 IDR Google Play Indonesia
55476005-8f6b-4da0-b415-5321e20193ee,p:532,799000 IDR Google Play Indonesia
986ac500-c9ed-49c5-be96-c31fc2d41701,p:533,649000 IDR Google Play Indonesia
76c16d74-a625-493b-a469-747f67127037,p:534,500000 IDR Google Play Indonesia
f1cd3511-6d52-422b-948b-a9f9ae33bc2c,p:535,399000 IDR Google Play Indonesia
594c6054-ebf2-48af-9cf0-0f705e115a28,p:536,329000 IDR Google Play Indonesia
7daabf8d-824d-4bbb-9233-fa6b03e4f0f1,p:537,300000 IDR Google Play Indonesia
6d84d6fd-e918-47ac-b11b-95b9cbf18620,p:538,249000 IDR Google Play Indonesia
ef27171c-b99f-484b-b7a5-749695b4c7db,p:539,159000 IDR Google Play Indonesia
f35f9945-d3ad-4c73-b6c1-26e54630bfa6,p:54,300$ USD Diamond
b8e6f2f8-e8dd-4ee7-8993-8867568767fd,p:540,150000 IDR Google Play Indonesia
cb5ebb0e-f0e8-4b85-8549-035ccd1058c3,p:541,129000 IDR Google Play Indonesia
496f3ec1-b3cc-4cac-9087-79073c1ead98,p:542,100000 IDR Google Play Indonesia
0d104ac6-50f4-4fd0-9aa2-8c8e88964312,p:543,79000 IDR Google Play Indonesia
fb85abbd-1c36-441b-a96a-f831aec61732,p:544,65000 IDR Google Play Indonesia
eaae1ed4-fc1f-43a1-8ee6-146f9db83fd3,p:545,50000 IDR Google Play Indonesia
40e3245c-4995-412b-b5a1-7868edb45f30,p:546,49000 IDR Google Play Indonesia
ac37b7f3-6dd3-462b-b425-0a2b8a14ef31,p:547,35000 IDR Google Play Indonesia
db688d45-5951-401e-abb1-eb69fa02e0ef,p:548,20000 IDR Google Play Indonesia
02218470-7424-4e90-8243-b89ce4166e41,p:549,16000 IDR Google Play Indonesia
1e1ef0c9-8927-444c-a026-3ff511d1fffa,p:55,500$ USD Diamond
169d782f-6678-475e-b24c-2162896b86e7,p:550,10000 IDR Google Play Indonesia
c72fcbfc-e083-4ebd-8727-4e6327053be5,p:551,5000 IDR Google Play Indonesia
7f854e89-e037-4ab0-8250-458b92e2d7c3,p:552,8000 JPY Google Play Japan
a5530b73-8903-4c92-ad00-afec91a3a5ac,p:553,1500 JPY Google Play Japan
bc81c350-248d-4b5d-88c4-25759b8298e6,p:554,20000 JPY Google Play Japan
d879ee86-34c5-4abf-bb9d-82c7ebe5ca73,p:555,10000 JPY Google Play Japan
44a40391-54e3-4d71-9950-10533e5d40ce,p:556,5000 JPY Google Play Japan
e82185dd-7698-4fc8-b76d-9872468670fd,p:557,3000 JPY Google Play Japan
1a6c247b-5b6f-44ea-8af6-a4818e5fd73a,p:558,2000 JPY Google Play Japan
9f556a5b-60a7-4713-9def-f3d4a132f52d,p:559,1000 JPY Google Play Japan
78d7a7fe-7b53-4db4-a791-d71e444500a7,p:56,300 NC
c42e4586-89f3-44a1-8eaa-48e733e6460b,p:560,500 JPY Google Play Japan
2a293c1a-06b2-4df8-b45f-03e64c67507d,p:561,25 TRY Google Play Turkey
c0b91104-a9f2-447c-a387-c311a24edbfe,p:562,1000 SAR Google Play Saudi Arabia
65ef5013-3eb8-4615-afc5-983cea0f4cf6,p:563,900 SAR Google Play Saudi Arabia
39974614-655b-439d-becc-ecd3da091c1d,p:564,800 SAR Google Play Saudi Arabia
efeb3c5c-8006-4990-8743-544784e210f5,p:565,700 SAR Google Play Saudi Arabia
64daa13b-fd47-4cd5-b4dc-b810bc2c1a01,p:566,600 SAR Google Play Saudi Arabia
b2d56e48-5d08-4ee5-abc9-c58ca26c1719,p:567,500 SAR Google Play Saudi Arabia
8a46fce5-2048-4050-a667-7ca6631dda3e,p:568,400 SAR Google Play Saudi Arabia
ca9f114f-6c02-4165-acf9-007c17ef3369,p:569,350 SAR Google Play Saudi Arabia
4c2153f4-6f6a-42b4-82ad-851892a4d54a,p:57,1$- 4250 Token
b9b52261-a8c3-43f7-a08a-ccdb9625702e,p:570,300 SAR Google Play Saudi Arabia
f148e745-f356-4aad-960e-4a4b4917ac6e,p:571,250 SAR Google Play Saudi Arabia
5d460cd6-55f4-4fb9-b243-bf81e378b893,p:572,200 SAR Google Play Saudi Arabia
9e28ec47-4237-4f12-a0df-aee852e957ee,p:573,150 SAR Google Play Saudi Arabia
5fd53e1f-ea61-4d8f-9b11-6154ec1cd3cf,p:574,100 SAR Google Play Saudi Arabia
ba733bd1-5831-4384-be98-a70e0a648785,p:575,90 SAR Google Play Saudi Arabia
40e9621f-71e7-46ba-9ab9-8654067c5d6d,p:576,80 SAR Google Play Saudi Arabia
b25b5c42-33a0-40aa-b6e0-5248d0b3610f,p:577,70 SAR Google Play Saudi Arabia
4620a31c-fc63-4262-ab71-bb22399ae2b7,p:578,60 SAR Google Play Saudi Arabia
1d83d19a-9717-4755-918c-74d78807b2e5,p:579,50 SAR Google Play Saudi Arabia
6ef83e4e-2572-4c3f-8a29-348e0d108e38,p:58,5$- 32500 Token
a0514c19-b155-452e-993c-cb12ed60f388,p:580,40 SAR Google Play Saudi Arabia
e456d6d4-318a-4053-a3a9-c9cb09d0e4c7,p:581,30 SAR Google Play Saudi Arabia
0e4e4d1b-275c-44bb-8b45-853862e098f2,p:582,20 SAR Google Play Saudi Arabia
de039511-9a76-4c1d-b55d-69d5d4653c22,p:583,1000 AED Google Play UAE
3f358193-a698-4159-a2e8-dc4fce3dd2b2,p:584,900 AED Google Play UAE
f4d4eb22-5948-4331-9d0e-2ebb6fd38743,p:585,800 AED Google Play UAE
eeb22756-45a5-4659-a90e-6119f8c327e0,p:586,700 AED Google Play UAE
7bd20337-a876-4179-b7f0-41a82ba3e336,p:587,600 AED Google Play UAE
5c39facf-886c-4ae8-8ff9-fc559850ff04,p:588,500 AED Google Play UAE
becf4de5-616c-4944-aa90-57b9edda993a,p:589,400 AED Google Play UAE
f214266a-9b1b-4312-a836-e000fb01bff5,p:59,10$- 70000 Token
cfac548c-289c-4dc4-87ab-d7680db3cad8,p:590,300 AED Google Play UAE
fb0b33de-a8a9-48ac-ab63-70536aa223e8,p:591,250 AED Google Play UAE
f5bb5919-6054-4ac7-aaa2-7f1605e754b9,p:592,200 AED Google Play UAE
cf8aaca7-9870-4528-9f7b-3278b399bd39,p:593,150 AED Google Play UAE
ffaf087d-ca65-44e9-b53b-6a3ae921b5ee,p:594,100 AED Google Play UAE
5c873b09-6451-49c9-a52d-d855c5fd6e39,p:595,50 AED Google Play UAE
49516ee9-a00a-4abc-b862-75c18c0ef7d0,p:596,40 AED Google Play UAE
46ffba04-8736-4362-8490-b5b1893c1f98,p:597,30 AED Google Play UAE
ac2296c8-1a8a-4c59-a07b-56c9869941fa,p:598,25 AED Google Play UAE
f7d64196-476a-4fc9-8834-dc513e63a248,p:599,20 AED Google Play UAE
4ccdc0ba-c51f-4d8d-9e97-e552dcadd4ce,p:6,3850 Uc Voucher
29fadc97-4957-4b6f-95e9-48a4728bbf76,p:60,20$- 150000 Token
6355498b-0219-4471-a4fe-60546b805cfd,p:600,15 AED Google Play UAE
f89463c4-8180-4b12-b4c1-faccfea068be,p:601,10 AED Google Play UAE
ecac75ba-d13e-4a02-a598-af647c438d62,p:602,200 USD Google Play USA
0a2a1a9b-2b91-4461-b0cd-3ef4b2c5a7e7,p:603,100 USD Google Play USA
1f13b470-a072-4079-b576-b6f41b6ce91a,p:604,50 USD Google Play USA
ab6b312f-6be2-4205-854b-e8b8e06a90b2,p:605,25 USD Google Play USA
c1d4199e-4509-4219-98b4-72d97429ba45,p:606,15 USD Google Play USA
c95f2e73-46fd-42ae-857a-b6dbd5296845,p:607,5 USD Google Play USA
e33f0843-1f5a-4c00-90e7-d6762bf32569,p:608,200 BRL iTunes Brazil
8049b829-c84e-479d-b490-a45c82642724,p:609,150 BRL iTunes Brazil
e08b03b6-95f6-4a0c-ade9-08e86607d53a,p:61,30$- 230000 Token
ed23c21a-316b-4385-9dbf-30a0e6519356,p:610,75 BRL iTunes Brazil
59df009d-5690-463a-923d-4d4c299d29cf,p:611,30 BRL iTunes Brazil
64a45bf7-b3ae-470f-8f00-5b6d08617a5a,p:612,40 BRL iTunes Brazil
6105a38a-03a5-4f39-9c4a-159f4af9a3e1,p:613,20 BRL iTunes Brazil
9e84bc60-a560-4621-96fb-8f2a54e647b3,p:614,50 BRL iTunes Brazil
f2bd07e3-de6b-4ccd-b85f-6dddb81cdcb4,p:615,100 BRL iTunes Brazil
8a44f8ea-f6fa-47ec-9652-b3a05797b174,p:616,500 CNY iTunes China
9e64dc34-8a05-48b0-8b92-c17e347c8094,p:617,300 CNY iTunes China
22aaaaa1-6da2-4b0c-91a0-de46a3aa11ee,p:618,200 CNY iTunes China
3f0e7928-00e0-4bc7-82a1-caff4e860d8f,p:619,100 CNY iTunes China
47e46d98-c638-495b-984d-d0002460a604,p:62,50$- 400000 Token
8898b545-422f-4dd5-b06c-896b11d9c397,p:620,50 CNY iTunes China
451f8c9f-8a77-4a64-9b8b-04f5c597a7aa,p:621,20 CNY iTunes China
e96d7b8b-0496-40a1-b3b0-9c8ac9c7b89d,p:622,5000 HKD iTunes Hong Kong
ad17a431-2d8b-49eb-a47e-4218a9f4ebee,p:623,3000 HKD iTunes Hong Kong
3ad18a8d-5f2f-452b-9285-87a9ec2ccc4a,p:624,2000 HKD iTunes Hong Kong
effe0e2e-cffd-4374-a73e-800c4a401713,p:625,1000 HKD iTunes Hong Kong
5f7bab16-7eb6-4998-a238-4f8ae7e60cf4,p:626,500 HKD iTunes Hong Kong
586f394f-b0b3-4d69-a0ef-b54ac9353235,p:627,300 HKD iTunes Hong Kong
d022cf04-08a1-4e9c-a840-d64cddd96b72,p:628,200 HKD iTunes Hong Kong
02b0563d-4213-4da2-b39f-fb6870fb6310,p:629,150 HKD iTunes Hong Kong
cd9dce52-f13d-49dc-9be9-f175b8656a9d,p:63,65$- 525000 Token
c4bb4de3-1c16-4ade-bdf5-f0b32a87f0ab,p:630,10000 INR iTunes India
94d0f305-4ec1-4c9d-a9b5-b3a5a2ab944a,p:631,7500 INR iTunes India
0c79f2ca-d2fe-4b92-b698-1750158d62a7,p:632,5000 INR iTunes India
6a43dd1a-762d-4cdc-a748-631adfa1e66c,p:633,4000 INR iTunes India
5bafd2b3-31a7-4c49-8214-fcada6bac7c4,p:634,3000 INR iTunes India
b67634f9-fbc3-43bd-9c52-d91a94ebc148,p:635,2500 INR iTunes India
c7718b0c-f358-4923-8891-b3797097ac23,p:636,4000 JPY iTunes Japan
fd10ea19-6249-4bf3-834a-6e527c30aee8,p:637,70000 JPY iTunes Japan
844ebee1-a6aa-4d43-9a34-070ee653cee5,p:638,50000 JPY iTunes Japan
a2dfd304-83ae-40cf-90bf-eb9b331c3e5a,p:639,30000 JPY iTunes Japan
388fb816-b8f7-49db-8568-c11bad5990ce,p:64,100$- 805000 Token
ff9b3ce4-03d5-497d-8791-efaa936b64ad,p:640,10000 JPY iTunes Japan
41312064-6ac7-485d-b671-8dff7252a7a3,p:641,5000 JPY iTunes Japan
a65562ee-9c73-4bff-b3f5-966ac8fadcac,p:642,3000 JPY iTunes Japan
645e3130-f623-4eb0-8e02-f7aa2f5d20d1,p:643,2000 JPY iTunes Japan
4a67d849-1ded-4b61-8a42-135f2b1b94bb,p:644,1000 JPY iTunes Japan
290c0b8b-ee18-4a6b-883f-5f01ce2b1a66,p:645,500 JPY iTunes Japan
5a303eb5-acf3-41eb-93cd-cddc0788bf41,p:646,250 MXN iTunes Mexico
493ce8c9-2e76-4414-9652-fca41f453447,p:647,150 MXN iTunes Mexico
2d04a7ee-6aa8-494d-8e0e-3743377615a2,p:648,50 MXN iTunes Mexico
2387018c-cc89-442d-8a35-f15f4c0476ae,p:649,1500 MXN iTunes Mexico
2774566c-e823-4e91-b613-d596380e460b,p:65,IMO 1 USD Giftcard
5690edd2-fdf4-477f-9173-4a1f1ba54935,p:650,2000 MXN iTunes Mexico
1e84f8c8-7cf5-43a9-8c1d-b6b242e409f4,p:651,500 MXN iTunes Mexico
dcd3a354-78bc-4529-a7f7-c5a31376ff52,p:652,100 MXN iTunes Mexico
c1706deb-d0c1-4145-b2e4-52cf35cf6c95,p:653,600 MXN iTunes Mexico
d51853ac-7d3f-4959-84f3-91de08f9ff06,p:654,300 MXN iTunes Mexico
5890c7ed-d065-4d4e-a447-4061825a5de5,p:655,1000 MXN iTunes Mexico
353b6f90-d08f-4e79-afa0-48042644deb7,p:656,200 MXN iTunes Mexico
c04d2416-9811-4870-a85f-9ee2210374d3,p:657,200 PLN iTunes Poland
95758f74-105f-480d-9546-d425b66ecded,p:658,150 PLN iTunes Poland
6deff941-1301-4271-bd1f-a3084c124c02,p:659,100 PLN iTunes Poland
2bd97238-9124-4836-b2a2-8a42628c627c,p:66,IMO 5 USD Giftcard
3a007a8f-9c0d-4f94-bdf4-62026b7ee51c,p:660,50 PLN iTunes Poland
9e89c7a0-e6d4-47a4-8663-ff1efcba5ac3,p:661,25 PLN iTunes Poland
8bf987ee-55f3-44e0-9a62-24810d97d548,p:662,20 PLN iTunes Poland
5a6dea04-b3ba-413e-a5b7-4efa2ee264c6,p:663,900 RUB iTunes Russia
80d8e39a-8060-47ff-9549-1a8b60401b84,p:664,9000 RUB iTunes Russia
6bc5f405-b852-4b81-8174-34b97fdeaf88,p:665,8000 RUB iTunes Russia
bce7ba1a-be87-4a71-b009-37ed8e2b46ee,p:666,7000 RUB iTunes Russia
06d2e73f-d70d-41fd-ad8f-263da3b1955d,p:667,6000 RUB iTunes Russia
fc506383-2719-44a2-8a7f-674d7e2c83f6,p:668,5000 RUB iTunes Russia
ecdf73e1-5e98-48bd-a5ad-4c4e1e561da2,p:669,4000 RUB iTunes Russia
2aea9b3e-5db8-428c-b07c-fd7e14bd8f4e,p:670,3000 RUB iTunes Russia
719b2538-3497-4c3a-b25c-3997ee2028c3,p:671,2500 RUB iTunes Russia
ffdd4ee4-2ce6-48dd-9656-2b5fa0253ea1,p:672,2000 RUB iTunes Russia
8d49d5e5-c201-4861-aa8f-743f447fab1e,p:673,1500 RUB iTunes Russia
a2126049-9197-4921-b373-67b67c364a19,p:674,1000 RUB iTunes Russia
72958887-e3dd-498b-a4c2-09477a03a676,p:675,800 RUB iTunes Russia
908d0884-8b77-486c-999c-51a5938bddc2,p:676,700 RUB iTunes Russia
d7220876-197a-41ec-b7e4-a9da93060b9b,p:677,600 RUB iTunes Russia
4e332b88-bcb6-4a82-ad8b-9ee515c9f80a,p:678,500 RUB iTunes Russia
06f50bec-7c7b-40f0-9eef-ac3a367249e9,p:679,200 TRY iTunes Turkey
e9e3751f-38e6-4c6e-936c-4fc4188c62ce,p:680,15 TRY iTunes Turkey
a0968b2b-13e8-48a6-8b2c-5450309c6cd1,p:681,1500 TRY iTunes Turkey
d92c2934-ae6a-4b07-8ecf-a2f1edfa0471,p:682,1250 TRY iTunes Turkey
b6d04d5c-8b32-4ed5-bd9d-a5f43460f657,p:683,750 TRY iTunes Turkey
2cef1d64-6e52-4165-8a28-7e977391b3b4,p:684,600 TRY iTunes Turkey
17a173d0-0e77-4932-8b02-2cb07fc96927,p:685,400 TRY iTunes Turkey
ae1a9391-5720-47a2-b465-a38afb367874,p:686,300 TRY iTunes Turkey
577093be-73e9-4957-afb3-691bcf16bf2f,p:687,150 TRY iTunes Turkey
c5e8377c-182a-47fc-81fc-465aaed2ffaa,p:688,75 TRY iTunes Turkey
16ddfd1f-3eab-4fe8-a7e8-7d7a1d97607f,p:689,40 TRY iTunes Turkey
64245da5-159f-4ed3-9ec0-d52dadc1d480,p:690,30 TRY iTunes Turkey
57537398-b266-48fb-aa8c-04fe83d6151c,p:691,10 TRY iTunes Turkey
c8e6be82-2752-4a03-a39b-967f9b310131,p:692,1000 TRY iTunes Turkey
67f6bd12-48be-423a-995b-80eaf750a107,p:693,500 TRY iTunes Turkey
6ce76a27-02cd-4c48-8964-dd38a468a674,p:694,250 TRY iTunes Turkey
b5a694f1-0559-4a97-b1e7-7ac6bf5097e2,p:695,100 TRY iTunes Turkey
73ff7138-a41e-4669-aaf8-ed37dc2bec44,p:696,2500 SAR iTunes Saudi Arabia
ef4d06fe-2174-4e3c-b132-2cf2bfc2477e,p:697,2000 SAR iTunes Saudi Arabia
5433af55-0c34-47d9-871e-e82b80cf40bb,p:698,1500 SAR iTunes Saudi Arabia
8c466dd2-8b6f-4240-99a9-938f07ee4843,p:699,1000 SAR iTunes Saudi Arabia
15254017-526c-4cf9-8bce-8e414765d5f4,p:7,8100 Uc Voucher
4c37d5ae-34ec-4960-8ec5-2ce33e80d477,p:700,750 SAR iTunes Saudi Arabia
0a238a9f-427c-4896-adfe-cb6e21aa1e08,p:701,500 SAR iTunes Saudi Arabia
42ce40df-cdba-4bdc-b680-6314d070ff76,p:702,450 SAR iTunes Saudi Arabia
fb80bb9f-a61b-47ab-ad00-453772dbf0cd,p:703,400 SAR iTunes Saudi Arabia
f7927247-c8fc-4fea-8669-e0f20aa27183,p:704,350 SAR iTunes Saudi Arabia
d8027645-e48b-4fde-b792-937956f5ca53,p:705,300 SAR iTunes Saudi Arabia
3d4923ae-7c0a-4773-adab-c9050c75bc3d,p:706,250 SAR iTunes Saudi Arabia
3bb01689-b2dc-4b38-8f3d-8134c715c81a,p:707,200 SAR iTunes Saudi Arabia
0f0f9989-ec11-40bb-8506-6d8b796ced52,p:708,40 SAR iTunes Saudi Arabia
531da352-0696-4879-a2aa-f47b50d77ca7,p:709,100 SAR iTunes Saudi Arabia
86ab4aee-5297-49c5-8b9c-b7cdb377fee8,p:71,Itunes 4$ US GiftCard
ec292282-8ae0-41c8-95ac-2a9974e5b1ba,p:710,75 SAR iTunes Saudi Arabia
df1c4427-51a6-4248-a049-d2723bcd659e,p:711,50 SAR iTunes Saudi Arabia
bd010e33-2b76-421c-8890-2a116d3bf86d,p:712,5000 AED iTunes UAE
bdc485e1-c175-401b-b669-4a14d6a9afe4,p:713,2500 AED iTunes UAE
c5444471-301c-4a3d-b3d1-fb7375590895,p:714,2000 AED iTunes UAE
de9bf1ca-ed2c-463b-802d-2320490e3863,p:715,1500 AED iTunes UAE
ed7fd06f-bb1a-4171-ada7-4c93b888a211,p:716,1000 AED iTunes UAE
085952a5-1850-4108-bf99-30ab72a54298,p:717,750 AED iTunes UAE
fcc1c500-84dd-44d6-b551-0ba37bc271f7,p:718,500 AED iTunes UAE
cc396bc1-83b9-408a-b959-813ba49df524,p:719,450 AED iTunes UAE
fa4bf46b-a816-4ca6-b158-347fd8665de4,p:720,400 AED iTunes UAE
0385d60c-c3c1-4218-9be1-9f5cd45a44dc,p:721,350 AED iTunes UAE
9cc9474d-399d-420e-9162-2a87165fb949,p:722,300 AED iTunes UAE
0c1f5e2e-0950-4720-a034-fe6f076b10fc,p:723,250 AED iTunes UAE
028d0c73-9a36-489f-922c-eb0623f87cbe,p:724,100 AED iTunes UAE
a97d6c27-9947-4abc-a078-ce9e717c19f6,p:725,50 AED iTunes UAE
9107d471-3728-401c-b97b-81613a15e93b,p:726,70 AUD Xbox Australia
761921f3-e6a5-4b20-9193-d3ad53005f1f,p:727,50 AUD Xbox Australia
a8b4d77a-73e4-4271-9147-1c9872357a4c,p:728,25 AUD Xbox Australia
26da2863-7a25-46fc-82cb-9754982521e2,p:729,15 AUD Xbox Australia
7cc7569a-27fb-41e3-b087-6e2b8eb7f4a6,p:73,test 1
1e75f15b-5221-43db-957c-cad070d8a4b4,p:730,100 AUD Xbox Australia
aa9136f2-b6ce-4aaf-bcbe-4690564513ad,p:731,15 CAD Xbox Canada
8783331e-3a74-4030-844e-4c20919095f8,p:732,25 CAD Xbox Canada
18e6145e-9355-4bd9-bef8-855d6d0434b1,p:733,10 CHF Xbox Switzerland
196aff30-0961-4fd8-a6a2-6d6e9426727b,p:734,15 CHF Xbox Switzerland
4faa606e-15c2-40cc-8e66-b2a74c62cf43,p:735,100000 COP Xbox Colombia
a3deafdb-c2dc-4ef0-aa00-e47c3006c57f,p:736,55000 COP Xbox Colombia
97747c9f-b5eb-46f5-9363-d3701fc5d96b,p:737,150 CZK Xbox Czech Republic
ab962b75-1d99-4d26-9fec-d081836a2622,p:738,300 CZK Xbox Czech Republic
136a68e2-f591-4ab9-b6ac-b85c6e25d0db,p:739,400 CZK Xbox Czech Republic
177c2f45-c1aa-4a36-b30e-4c6dd3ef2d69,p:740,1500 CZK Xbox Czech Republic
afbf025b-f4b7-441e-b9b1-cf816e7f9c1d,p:741,100 EUR Xbox France
b4a89265-67b0-4bf3-90c8-2203a11d1b55,p:742,50 EUR Xbox France
857f2ee4-8662-4387-b062-b8c7682e1537,p:743,25 EUR Xbox France
5d56f0b2-6360-4c02-b58e-65a16ad87cef,p:744,100 EUR Xbox Germany
82c7e63e-f19e-4987-a23d-3e6bd2c2d919,p:745,50 EUR Xbox Germany
1f9d44b1-40ca-4ff5-85f9-b80344c47b94,p:746,25 EUR Xbox Germany
f2d5f46b-6b53-4d60-80b1-c919ef82ebe9,p:747,100 EUR Xbox Italy
05333261-98a5-4147-9e5d-fe2ee20c58a9,p:748,50 EUR Xbox Italy
b16ab418-b476-438a-bb39-3f595db4362a,p:749,25 EUR Xbox Italy
5b665adf-dd59-48d3-a80d-9266ff76e96f,p:75,Xbox 25 BRL
ecbbc0c8-fd8e-4c58-9ff8-fc332eab79b1,p:750,25 EUR Xbox Netherlands
6debbe4b-2742-4014-8500-b15cec113829,p:751,100 EUR Xbox Spain
8be92fae-07a5-405c-a0e8-f840b2871e5b,p:752,50 EUR Xbox Spain
c05ff3b4-5a02-4629-b293-b8a3319da04b,p:753,25 EUR Xbox Spain
0914b1c8-ccc9-4a18-9a84-b9c5250825a0,p:754,10 EUR Xbox Spain
f00f95a7-9142-4ea0-b987-2e325b788025,p:755,50 GBP Xbox UK
6195f72a-ffcf-4449-8283-8ca31da15afe,p:756,45 GBP Xbox UK
b9eb6aa8-19fe-44a3-a880-63892ef21f04,p:757,40 GBP Xbox UK
e4fdfeef-4d77-47b7-acdd-b0969e8d416a,p:758,35 GBP Xbox UK
0197f683-ff72-4bc4-a717-f38b5037a1ff,p:759,30 GBP Xbox UK
2bfc99f0-5629-4796-8103-769303c71a89,p:76,Xbox 10 BRL
b4d8da75-5534-4d17-ae36-6562f1c4990e,p:760,25 GBP Xbox UK
43152269-c0ac-4f49-8991-c8fdd1593dff,p:761,20 GBP Xbox UK
0bb0f163-0d4b-40ee-af7c-59d51f86d73b,p:762,15 GBP Xbox UK
f98a454c-be99-496e-b9ae-2a02c081563e,p:763,10 GBP Xbox UK
37c12e83-44e8-45c0-a726-79175cbf02b0,p:764,150 HKD Xbox Hong Kong
5a0411da-c32f-4e6e-9cc7-b4b3900c569d,p:765,14990 HUF Xbox Hungary
2dc03d11-d07c-48d7-a6a7-33c942e0fe75,p:766,12990 HUF Xbox Hungary
8d17ef0c-6032-4425-9c11-fdb8cb630dcf,p:767,1200 HUF Xbox Hungary
9277bb7e-2435-4414-a431-c3332ce84bf7,p:768,2990 HUF Xbox Hungary
f605b99a-5325-4a36-b723-2a3c711d86be,p:769,4490 HUF Xbox Hungary
7208026a-62aa-46cb-85a7-10f7d5cd628c,p:77,Xbox 5 BRL
c0a4e052-a2f3-4cae-beb4-591389cc23fc,p:770,5990 HUF Xbox Hungary
05f3245e-2316-4845-999b-4a04f718f928,p:771,6990 HUF Xbox Hungary
de0be73c-82be-4c70-b676-863e1c8256a8,p:772,1280 MXN Xbox Mexico
69eaea7f-af37-48f1-9208-cd58cc36a4b7,p:773,839 MXN Xbox Mexico
b2b11aa2-1c80-4ed5-8b18-4be7451a8089,p:774,419 MXN Xbox Mexico
235592b3-1ac0-4739-bde8-d7ca79944a55,p:775,169 MXN Xbox Mexico
5ff01f4d-2f4f-47ff-9e62-ae19a0a2a363,p:776,899 MXN Xbox Mexico
d6bb973f-af6e-4c37-b7ef-5f9ddcada23b,p:777,200 MXN Xbox Mexico
2a8fa4f9-4389-44f9-9acc-dc9d8c88e81c,p:778,600 MXN Xbox Mexico
f7cd5afa-d7fb-402e-bbd9-d69d7ad4ec9c,p:779,300 MXN Xbox Mexico
8e532826-7102-412a-bb55-52f5b19e6e39,p:780,70 NZD Xbox New Zealand
18e3f7fd-c237-4fda-be2a-7368176e18c2,p:781,100 NZD Xbox New Zealand
14971575-138e-4efd-ae10-b7eef125ac62,p:782,50 NZD Xbox New Zealand
1631a3fc-129d-4f91-8225-d0c935985a0e,p:783,25 NZD Xbox New Zealand
1797938e-d5f0-4b91-88a6-324858714e67,p:784,40 NZD Xbox New Zealand
8e85b920-78b3-42be-ba50-bcd316054fd1,p:785,15 NZD Xbox New Zealand
9e40c5f9-b423-4b57-ac6c-95f40f58dc3a,p:786,20 PLN Xbox Poland
e1e3ccfb-d3d5-45b5-b6dc-a3f187940f76,p:787,50 PLN Xbox Poland
66a40350-5cd9-4779-acce-f531ca0cc2da,p:788,70 PLN Xbox Poland
117fc123-9acb-4518-b540-8eaab1d8875c,p:789,100 PLN Xbox Poland
b1db9d2b-0e4b-4d31-830d-c6717f1db211,p:790,50 SGD Xbox Singapore
918fe70b-b6ba-437a-9c5c-0c34857f48b7,p:791,20 SGD Xbox Singapore
7b8d6c4e-3c3c-4d3b-abb9-dce5fef6a229,p:792,300 TRY Xbox Turkey
ddc904b6-9311-4c0b-adaf-d81e62672ac2,p:793,50 TRY Xbox Turkey
f57efe39-19b1-490b-a3c5-93e4c96715eb,p:794,25 TRY Xbox Turkey
ee296fda-76be-4019-bc3b-341c0ffd290f,p:795,100 TRY Xbox Turkey
8eead887-45bd-42e5-8dfe-8478502ca0f2,p:796,300 SAR Xbox KSA
0aa1488b-d43f-4bab-949e-75a74d98ac52,p:797,200 SAR Xbox KSA
ff4b3f2d-24a6-42a3-9ab8-f7312314bb3f,p:798,100 SAR Xbox KSA
255b7bb6-3921-466f-b31d-8da142a50be6,p:799,50 SAR Xbox KSA
2b830de1-4f51-4435-a2ac-17ea9953f038,p:8,16200 Uc Voucher
8f50388f-119c-4e92-b292-310a2cea8b88,p:80,Roblox 10$ US
1a040ad8-e785-40eb-8955-e2e76d9c9741,p:800,199 AED Xbox UAE
a5bc028b-fef4-4683-b2a4-cbe1425a9a51,p:801,99 AED Xbox UAE
e6e9adfa-8c8e-4863-8454-6acd1e15e993,p:802,59 AED Xbox UAE
32a88b95-e0b0-4b80-b972-87414b1318a9,p:803,200 ZAR Xbox South Africa
81a28dc2-f4dd-49df-a520-faf9cdd2fe21,p:804,300 ZAR Xbox South Africa
ae1ec8e5-25c3-4631-85aa-b4833ce92717,p:805,600 ZAR Xbox South Africa
b3e740e3-0f72-4ce4-8a62-9ab4db8dc114,p:806,150 ZAR Xbox South Africa
f6ddf129-c183-4911-84be-0bb6e5f1a4c5,p:807,100 ZAR Xbox South Africa
6aca8ac6-92bb-4ee5-ac43-1531e561211f,p:808,50 ZAR Xbox South Africa
469c4e08-c39d-4ae9-add2-a9f4ce125b6d,p:809,120 ZAR Xbox South Africa
ff7d47c0-d158-4244-a7e1-a329485ea372,p:81,Roblox 25$ US
4fd84ea2-1ff0-4b25-b241-124fbebc0cf6,p:810,250 ZAR Xbox South Africa
e256f6ba-4813-49a0-9418-4222a2075aee,p:811,350 ZAR Xbox South Africa
6dc0b144-6076-4e04-83c0-00e5262e9182,p:812,450 ZAR Xbox South Africa
b07028a3-81ca-4252-9e21-3460696a66e2,p:813,500 ZAR Xbox South Africa
575ad0ac-ef12-437e-81b9-a3d7f6f146e9,p:814,550 ZAR Xbox South Africa
c9a0e9e3-0d5a-4e98-9ad4-c3362df737fc,p:815,200 EUR Roblox EU
89547afd-9ff8-4402-9164-f33b25ad24d3,p:816,150 EUR Roblox EU
8103fc18-d95c-4aa4-89e5-7507f0e39254,p:817,100 EUR Roblox EU
e0fcf48b-3b2d-4e2c-beb0-c3f4ad24a9a9,p:818,90 EUR Roblox EU
5cce4639-b039-4b4b-b0a5-5e3bb4ddb0af,p:819,80 EUR Roblox EU
be1465fe-9331-47ab-be95-4cac98c8db11,p:82,Roblox 50$ US
a2cbeeb1-27a4-4d64-b748-716afce8d20c,p:820,70 EUR Roblox EU
4e1be73c-f6b6-4be6-8c7a-8c8209a83e40,p:821,60 EUR Roblox EU
4157b1e5-b544-42ca-9384-8dfce29211ce,p:822,50 EUR Roblox EU
521f7879-307d-44fb-95be-fa814861b9cf,p:823,40 EUR Roblox EU
0f800a69-b964-42fe-8b3b-65de1b66e628,p:824,30 EUR Roblox EU
0c72155e-3f32-4576-bf27-5e6b2f3d017e,p:825,25 EUR Roblox EU
47265d05-3459-4d1f-adfb-f64fd8190f0c,p:826,20 EUR Roblox EU
0399c507-7331-4c98-b757-ce540fa89bfa,p:827,15 EUR Roblox EU
623f3e67-b9ce-41ca-a826-fd81f7f01fb3,p:828,10 EUR Roblox EU
e902ce3e-2cf0-4474-b42f-5f23db440345,p:829,950000 IDR Roblox Indonesia
f8b6fde4-51ee-44ba-b115-75080c4aad6a,p:83,Nintendo eShop USD 10
3c77b92f-fe6f-454f-b096-103ca7d72082,p:830,500000 IDR Roblox Indonesia
742b72ad-5eaf-4760-a476-523a4825c1ee,p:831,380000 IDR Roblox Indonesia
3ac9b707-92be-4756-883c-e2fbbc69a6be,p:832,300000 IDR Roblox Indonesia
7903399f-1cc7-4c4e-8cd9-f475d9e5e536,p:833,100000 IDR Roblox Indonesia
daf314ad-8251-4a7c-b2e2-6568bf084daf,p:834,65000 IDR Roblox Indonesia
97191e6b-dd7d-42ce-bc12-4336a7d8e02d,p:835,50000 IDR Roblox Indonesia
64adfff8-36a9-4a66-be33-ab8f095e2a53,p:836,50 MYR Roblox Malaysia
a55ae42b-0ddb-4ee9-83d4-67e03adead66,p:837,125 MYR Roblox Malaysia
d2082ce0-74ea-4bd6-bfe7-4e47880b8468,p:838,95 MYR Roblox Malaysia
cad78788-89ba-4050-995e-233938875325,p:839,500 AED Roblox UAE
4e7a5b55-6989-4266-ba39-2e2a6e066aea,p:84,Nintendo eShop USD 20
76692eda-265c-4ff5-959a-da28dc647dab,p:840,200 AED Roblox UAE
3678820a-a507-4d86-9166-2dde93f54adb,p:841,100 AED Roblox UAE
2173c6e9-d841-447c-8046-9c88e4fc2123,p:842,20 AED Roblox UAE
8b3cc2ef-cbce-4d2d-89e6-36d2676abff3,p:843,150 AED Roblox UAE
4599afca-e173-4061-8f7e-100e4622880e,p:844,50 USD Roblox UAE
b026be55-df88-4caa-96fd-2d8c305c5453,p:845,40 USD Roblox UAE
8fc8495c-5ff5-47c8-a060-c4bb3ad97b82,p:846,30 USD Roblox UAE
f015b8a8-a666-41b0-8043-05dfbaf9878c,p:847,500 JPY Amazon Japan
5a8e03b9-d7ff-4033-9e8b-889d6eef5ff5,p:848,5000 JPY Amazon Japan
ab4bd111-44ce-45ab-8bf9-8cb77f25eb12,p:849,10 JPY Amazon Japan
82d0a689-a598-4591-8f95-d42fb8ecc56a,p:85,Nintendo eShop USD 50
2ee437d3-3d76-4bdf-88aa-cbf1d16d88fb,p:850,3000 JPY Amazon Japan
78a31e5a-2267-4186-8821-1ef4264b6181,p:851,4000 JPY Amazon Japan
2d8178a0-0d86-4064-b585-174eb2b0a4d6,p:852,300 JPY Amazon Japan
7d0d47b0-cf53-451e-8584-32a013b00ec3,p:853,50000 JPY Amazon Japan
9199d888-885e-4c7f-a792-2a6b973d59d7,p:854,50 JPY Amazon Japan
c227c86a-22e6-48e7-8a54-af034456428b,p:855,30000 JPY Amazon Japan
83c67da6-0832-44a4-acff-d7e74d5ca743,p:856,20000 JPY Amazon Japan
edf808cf-d1a9-46dc-8df4-1d67d3b1be9b,p:857,100000 JPY Amazon Japan
4548ca2b-0ab6-4ba7-bd70-17f8639c2f9f,p:858,10000 JPY Amazon Japan
60283339-5370-4bdd-a8c5-bfde4dcf6f2c,p:859,1000 JPY Amazon Japan
dd56e02a-d4c2-4685-a2db-8903068f6e40,p:86,XBOX Giftcard (USA) - USD 10
d9755db3-9069-41a8-beed-6d2ac05ef14e,p:860,100 JPY Amazon Japan
41b8b5af-5696-4b43-a318-33d004451e5f,p:861,5000 SAR Amazon Saudi Arabia
3729a9f3-d8fc-4f6f-9fc3-506f9459d324,p:862,3000 SAR Amazon Saudi Arabia
d9ef329d-f14d-4804-9259-d6b46c114807,p:863,2000 SAR Amazon Saudi Arabia
d6423483-cf78-46f2-84f1-5b1c4e824de5,p:864,1000 SAR Amazon Saudi Arabia
b838f911-2d68-4673-84dc-4a25ce1ba665,p:865,750 SAR Amazon Saudi Arabia
6dd084ce-25af-4ca5-bec3-bde9312aeaf9,p:866,500 SAR Amazon Saudi Arabia
b550ea99-9ad8-4dd2-91b7-bba692d47077,p:867,250 SAR Amazon Saudi Arabia
8f16d5e4-4905-467a-86fa-a73420b8ab45,p:868,100 SAR Amazon Saudi Arabia
dec0ff79-6691-4b21-8229-e85673b33b86,p:869,75 SAR Amazon Saudi Arabia
34ba8b24-3ff7-43c1-8dfe-d58f7e68fe3a,p:87,XBOX Giftcard (USA) - USD 15
87b66e40-da96-4e04-8863-3f3b3b115c77,p:870,50 SAR Amazon Saudi Arabia
a0149580-013d-47ca-9455-24cc533d64e0,p:871,40 SAR Amazon Saudi Arabia
388e9158-bfbd-4e4c-9a87-90899ea07bc2,p:872,30 SAR Amazon Saudi Arabia
c63f555a-d84e-485d-9150-c9afa19286d4,p:873,20 SAR Amazon Saudi Arabia
b9507099-f182-4f58-8506-7d8a74ee4cfb,p:874,10 SAR Amazon Saudi Arabia
f008e814-cb6e-4443-ad85-9386c3939032,p:875,37.33 USD Amazon Saudi Arabia
2ee1bf13-a344-4e88-b261-26c9a47998c1,p:876,25.6 USD Amazon Saudi Arabia
4486d42e-c6fb-4b26-b546-935d9a46f375,p:877,12.8 USD Amazon Saudi Arabia
e457fe69-e4f4-4ee6-b40e-03a3de912271,p:878,5 SAR Amazon Saudi Arabia
512f52f0-a438-43c6-ba65-1369c77e2627,p:879,5000 AED Amazon UAE
1df35e12-5182-409d-a0d2-bfb913cf214f,p:88,XBOX Giftcard (USA) - USD 20
ce336a2a-a406-4cb4-9d6b-f94460c6680a,p:880,3000 AED Amazon UAE
ecad4ac8-dbc0-4f41-8dd5-7621256b5549,p:881,2000 AED Amazon UAE
7205d19b-a3f2-4799-b16a-c71cf4aa9b3b,p:882,1000 AED Amazon UAE
998ff86a-f625-4f60-9960-ceb53054fd4d,p:883,750 AED Amazon UAE
9f89d8b4-67fa-4f5d-97b9-c3d14b463d6f,p:884,500 AED Amazon UAE
d1ca6744-bbc6-4480-b2cb-1055d6a1ef0a,p:885,250 AED Amazon UAE
5c15ce50-c49a-49c0-9403-b24186cf672d,p:886,100 AED Amazon UAE
a73f19d6-306c-491f-b656-064ea05a4631,p:887,75 AED Amazon UAE
79dc8963-c2ca-4b81-bdc5-c6345f061549,p:888,50 AED Amazon UAE
013c213b-3145-44ff-8e2b-d65d20e250f8,p:889,40 AED Amazon UAE
736a4fac-cfe7-46a0-8af7-2652fdf5bf1e,p:89,XBOX Giftcard (USA) - USD 25
d82fa54b-e578-4009-ad0d-cb8ec493739c,p:890,30 AED Amazon UAE
dc0d43a6-1267-4b0e-9376-2f977c14189d,p:891,20 AED Amazon UAE
cbff8b24-23b5-4a5e-b91b-ee2a87bbe234,p:892,10 AED Amazon UAE
0bff679a-f6f3-4213-88ab-4f581f43fa04,p:893,5 AED Amazon UAE
d7c349cc-762b-4548-bdc8-29a41644bb02,p:894,35 USD Amazon USA
e9d8c86f-e9bc-4c03-81b6-4cfe4125b7bc,p:895,15 USD Amazon USA
bde5715e-3f7f-406c-9d5f-4e444dc4f4dc,p:896,200 USD Amazon USA
059d251f-bdb9-44bb-a464-401e549887f5,p:897,100 USD Amazon USA
4aefa3a1-37de-4fac-9c1a-dc507bf4f9f2,p:898,50 USD Amazon USA
95ed07c5-6868-4191-a8b1-56a8d73ecd80,p:899,30 USD Amazon USA
764b5d19-47fc-4075-9368-65af1c6d61ee,p:9,24300 Uc Voucher
d93427a1-acce-4d8b-b95c-3b07e7d749c7,p:90,XBOX Giftcard (USA) - USD 50
fa80c337-f74c-4559-827e-5afe74e4d370,p:900,25 USD Amazon USA
daa9c261-c1e6-4cab-b390-769bb62ee4c4,p:901,20 USD Amazon USA
66fd7ee1-fef5-4362-baa8-27126f9c736c,p:902,10 USD Amazon USA
c817f884-5f9a-4976-8cd2-f51e19733ac1,p:903,5 USD Amazon USA
88a40df8-f5ac-4c35-a4a6-0151b8b7644a,p:904,500 USD Amazon USA
de4fcfa7-a735-4200-8597-78f1300b6d10,p:905,150 USD Amazon USA
3e6f687b-1287-483c-a633-a28a0168fa3d,p:906,75 USD Amazon USA
f0737c54-068c-4e00-9fb7-abadc103db9a,p:907,70 USD Amazon USA
4e10e402-c76d-4024-a4dc-12022f3009cf,p:908,40 USD Amazon USA
d14356bd-dae7-46f8-8389-5fb1d3d826ba,p:91,XBOX Giftcard (USA) - USD 100
0cb5fc1d-cfdf-4c20-8bcf-c600ece01622,p:92,1-Month Discord Nitro Basic Subscription
cca7457c-da4e-4eb7-9b20-7b68c83f86cd,p:93,1-Month Discord Nitro Subscription
0a33fcf0-1d40-4499-a889-8f5b137226c2,p:94,1-Year Discord Nitro Subscription
8671fd92-d737-4919-a7e7-48fe3f7b3e16,p:95,10$ PSN KSA
9010b846-b642-4e47-9d87-9b81ff972fd9,p:96,20$ PSN KSA
68ac543f-862d-490f-8d14-4f9872a8a022,p:97,50$ PSN KSA
9a0920f4-9ccd-46f5-8f33-15708063b279,p:972,2$ USD - 68500 Gold
43017b47-16af-484d-bd8f-b56324310261,p:973,5$ USD - 224500 Gold
54889390-c79d-464f-8f2e-3fae57935cc5,p:974,10$ USD - 1480000 Gold
e3d1a5db-1f14-43b1-9774-62026eb63e6a,p:975,25$ USD - 3700000 Gold
09e09762-25fc-4e18-a837-be14c43514d4,p:976,50$ USD - 10030000 Gold
44d1cae1-2786-42bb-b8a0-b3e9406d9b86,p:977,100$ USD - 25300000 Gold
53317ba6-64ca-4974-a587-b0067aa12b66,p:978,300$ USD - 76000000 Gold
66df07c9-c13c-438f-9088-f2b5b31bcec6,p:979,500$ USD - 126600000 Gold​​​​​​​​​​​​​​​​
c8223797-e80b-4193-86e7-9c72b6f3b861,p:98,100$ PSN KSA
fa42589d-2cb1-4e8a-9d9d-77f9a98623af,p:980,Minecraft Java & Bedrock Edition
3dce4dec-e1d8-484b-a650-b45cd8b34da1,p:981,3,500 Minecoins
e197b4bf-cab0-4fe6-b9d4-b43576a69273,p:982,1,720 Minecoins
37ef4771-73f1-4c94-bcb9-9d5da51d344e,p:984,$15 Twitch Gift Card
5fe0c07f-a416-4c9b-b4b7-4e82f36c2382,p:985,$25 Twitch Gift Card
0c3e6b25-db59-4fca-bb24-871ee6847fed,p:986,$50 Twitch Gift Card
ff8d88b3-b4d9-4787-93bf-02507eb4650a,p:987,$100 Twitch Gift Card
08c8f365-b9e2-4b73-bc43-c3bec14f5ab1,p:988,$200 Twitch Gift Card
922c8285-76c3-4a84-a17c-9580a0cd4a40,p:989,$10 Twitch Gift Card
eae6a663-377f-46b2-be25-61668851b88f,p:99,120$ PSN KSA
737b4829-0da0-4d3e-8954-d76ff6367073,p:990,$20 Twitch Gift Card
5edb6687-ab49-4049-a1b1-0eb44f8a951d,p:991,Netease GiftCard USD 5
d851b083-2c99-445f-80de-11b871fbacd5,p:992,Netease GiftCard USD 10
be509106-6a7d-4ca6-b3e2-b612d1dfdca7,p:993,Netease GiftCard USD 15
0a5eeccc-0982-4fb5-99e7-4ccd490c4ae8,p:994,Netease GiftCard USD 20
3690b039-d6d3-42e5-b50c-e50c15ca81ff,p:995,Netease GiftCard USD 25
f6be4430-f589-45be-a161-af9bb5a46081,p:996,Netease GiftCard USD 50
3a2f7137-ee5a-4b33-9e51-4bcd6c06042c,p:997,Netease GiftCard USD 100
5e2fcfa3-da1f-45a4-a1b9-a2b56b207a73,p:998,PUBG G Coins - 100
5bb0e1f4-aee5-4943-9d91-eef7d3b4186a,p:999,PUBG G Coins - 510
